Date,Open,High,Low,Close,Volume,Dividends,Stock Splits,EMA_20,EMA_50,RSI
2023-11-13 00:00:00-05:00,184.08156757584422,184.28959445510736,182.4866293320066,183.07110595703125,43627500,0.0,0.0,183.07110595703125,183.07110595703125,
2023-11-14 00:00:00-05:00,185.94393292700153,186.3501007196846,184.55703694714765,185.68637084960938,60108400,0.0,0.0,183.32017880394346,183.17366536458334,
2023-11-15 00:00:00-05:00,186.09256123667055,187.72711849110286,186.02320887124122,186.2510528564453,53790500,0.0,0.0,183.5993096660865,183.2943472270093,
2023-11-16 00:00:00-05:00,187.79646053927942,189.1734556093977,186.88505441646575,187.93515014648438,54412900,0.0,0.0,184.01224685469583,183.47633949836128,
2023-11-17 00:00:00-05:00,188.47010270019993,188.5988913131576,186.80582731444395,187.91534423828125,50922700,0.0,0.0,184.3839704150373,183.65041811561306,
2023-11-20 00:00:00-05:00,188.11347160798348,190.1145776039652,188.10357060538217,189.65887451171875,46505100,0.0,0.0,184.8863422337689,183.88604385663683,
2023-11-21 00:00:00-05:00,189.61923040247643,189.72820188087152,187.96485622395673,188.85643005371094,38134500,0.0,0.0,185.26444583566814,184.08096096240445,
2023-11-22 00:00:00-05:00,189.69851123933077,191.12502655036587,189.0446822742513,189.5201873779297,39617700,0.0,0.0,185.66975455397875,184.29426395909172,
2023-11-24 00:00:00-05:00,189.0843077535022,189.1140258787283,187.47946852715137,188.19273376464844,24048300,0.0,0.0,185.91003828832825,184.4471451279371,
2023-11-27 00:00:00-05:00,188.1431623745596,188.88614559455414,187.13270096287798,188.01437377929688,40552600,0.0,0.0,186.11045119223002,184.58703644759825,
2023-11-28 00:00:00-05:00,188.0044881862593,189.29232889633607,187.62803848681267,188.61868286132812,38415400,0.0,0.0,186.3493303988108,184.74514022852884,
2023-11-29 00:00:00-05:00,189.11399699712592,190.29286617117475,187.2020606914072,187.5983123779297,43014200,0.0,0.0,186.4682810634888,184.85702933242692,
2023-11-30 00:00:00-05:00,188.06391060225252,188.53943075060016,186.42935355090071,188.17288208007812,48794400,0.0,0.0,186.6306240174497,184.9870627735113,
2023-12-01 00:00:00-05:00,188.54934617033052,189.76783452208102,187.45963130874318,189.45083618164062,45704800,0.0,0.0,186.89921565213456,185.162112711085,74.39369046007646
2023-12-04 00:00:00-05:00,188.20263336404662,188.2719857330804,185.69630404843608,187.65777587890625,43389500,0.0,0.0,186.97145948325567,185.25998185492114,65.42291518299679
2023-12-05 00:00:00-05:00,188.43048297188668,192.58127042048946,188.40074973234698,191.61044311523438,66628400,0.0,0.0,187.413267448206,185.509019551404,68.27620684915257
2023-12-06 00:00:00-05:00,192.63082982561934,192.9379272177151,190.31272520524868,190.52076721191406,41089700,0.0,0.0,187.7092198066544,185.70555867534557,62.7590848404818
2023-12-07 00:00:00-05:00,191.81848755335412,193.17566559760107,191.7788533108163,192.45249938964844,47477700,0.0,0.0,188.16096071932049,185.9701445857104,63.30221310392611
2023-12-08 00:00:00-05:00,192.38313041357762,194.15639227120218,191.8580901155405,193.87901306152344,53406400,0.0,0.0,188.7055371328636,186.28029629064423,66.21761021634546
2023-12-11 00:00:00-05:00,191.30334341541183,191.6797931299085,189.62915193698308,191.3726806640625,60943700,0.0,0.0,188.9595508025016,186.4799976386214,54.47487653012601
2023-12-12 00:00:00-05:00,191.27362671385956,192.8982829604503,189.92634969600132,192.8883819580078,52696900,0.0,0.0,189.33372519826412,186.73130682761695,60.14968049621036
2023-12-13 00:00:00-05:00,193.26481149731427,196.1475903161728,193.02706651664724,196.10797119140625,70404200,0.0,0.0,189.97889148332527,187.0990191556087,64.69287812116076
2023-12-14 00:00:00-05:00,196.16740691178524,197.75242887078264,194.32480773637585,196.25656127929688,66831600,0.0,0.0,190.57676479722733,187.45813845457687,68.98315812311819
2023-12-15 00:00:00-05:00,195.6819844119138,196.54384019084355,195.15694409646994,195.72161865234375,128538400,0.0,0.0,191.066750878667,187.78219650154813,67.84414222689492
2023-12-18 00:00:00-05:00,194.25545312358386,194.79040955452615,192.5713606983871,194.0573272705078,55751900,0.0,0.0,191.35156767788993,188.02828006111517,62.0026630154036
2023-12-19 00:00:00-05:00,194.32480226669028,195.10740466398735,194.05732405565033,195.09750366210938,40714100,0.0,0.0,191.70832348591082,188.30550451605615,66.53567335831627
2023-12-20 00:00:00-05:00,195.05788936850126,195.8305908429342,193.00726318359375,193.00726318359375,52242800,0.0,0.0,191.8320320285473,188.48988720890077,59.99191377383292
2023-12-21 00:00:00-05:00,194.26537091395173,195.23619818360498,191.6896894536902,192.858642578125,46482500,0.0,0.0,191.92980446184043,188.66121094887035,57.38831546910149
2023-12-22 00:00:00-05:00,193.35396213687642,193.58182122700063,191.164646529934,191.78875732421875,37149600,0.0,0.0,191.91637140111456,188.783859826335,59.246136969384004
2023-12-26 00:00:00-05:00,191.79865490672267,192.0760341178965,191.02595351616222,191.243896484375,28919300,0.0,0.0,191.85232617094888,188.8803318521405,49.031895617858716
2023-12-27 00:00:00-05:00,190.68914273833013,191.68968812345565,189.30223153241622,191.34295654296875,48087700,0.0,0.0,191.80381477780793,188.9769053694279,52.291429052580014
2023-12-28 00:00:00-05:00,192.32370988068791,192.8388492190412,191.36278357008254,191.76895141601562,34049900,0.0,0.0,191.80049445763723,189.08639737125486,47.92042493020423
2023-12-29 00:00:00-05:00,192.08596845310797,192.5812907184497,189.93627163544917,190.72879028320312,42672100,0.0,0.0,191.6984273934054,189.1508049364293,40.18527198928263
2024-01-02 00:00:00-05:00,185.39909638597572,186.67703614744315,182.16960103197144,183.90322875976562,82488700,0.0,0.0,190.95602752353494,188.94501763538366,31.663465226667938
2024-01-03 00:00:00-05:00,182.49651173581816,184.1409850600839,181.7138941984477,182.52622985839844,58414500,0.0,0.0,190.1531896506648,188.69330046765876,24.387844848784738
2024-01-04 00:00:00-05:00,180.4458595901839,181.37706768373354,179.18775216816366,180.20811462402344,71983600,0.0,0.0,189.20603964812756,188.36054808163385,8.867269254970012
2024-01-05 00:00:00-05:00,180.2874048658164,181.05019027633338,178.4844245514249,179.48497009277344,62379700,0.0,0.0,188.2802234999986,188.01248619971776,7.8646723417370765
2024-01-08 00:00:00-05:00,180.38642231817897,183.86359358874157,179.80194579166277,183.82395935058594,59144500,0.0,0.0,187.85581739053075,187.84823024484984,24.90591225686356
2024-01-09 00:00:00-05:00,182.19931060924736,183.41779895114087,181.0204413910758,183.40789794921875,42841800,0.0,0.0,187.43220601516768,187.6740995665898,26.29020674698107
2024-01-10 00:00:00-05:00,182.6253074687535,184.6561164657865,182.1993225017619,184.44808959960938,46792900,0.0,0.0,187.14800445178116,187.54758937180625,26.29025682837343
2024-01-11 00:00:00-05:00,184.79480792904317,185.3000462697353,181.90212796654464,183.85369873046875,49128400,0.0,0.0,186.83426104975143,187.40273091528323,28.166327938924184
2024-01-12 00:00:00-05:00,184.31930790747037,184.99295400827782,183.45745205458948,184.1806182861328,40477800,0.0,0.0,186.58153316750204,187.27637355727734,29.475196921151422
2024-01-16 00:00:00-05:00,180.4557997638508,182.53614407524432,179.2372961857114,181.91204833984375,65603000,0.0,0.0,186.1368203267727,187.06600786247603,27.893593622994374
2024-01-17 00:00:00-05:00,179.57413473456663,181.21859313457642,178.61320834965068,180.97093200683594,47317400,0.0,0.0,185.6448309629692,186.82698527990192,27.407433259126464
2024-01-18 00:00:00-05:00,184.34903461223058,187.37050341346043,184.09147247948349,186.8652801513672,78005800,0.0,0.0,185.7610642190071,186.82848703956722,42.15284266215419
2024-01-19 00:00:00-05:00,187.5587047602819,190.15418823308323,187.0534815615711,189.76783752441406,68903000,0.0,0.0,186.1426616766649,186.9437556860318,46.77313869561431
2024-01-22 00:00:00-05:00,190.5009136397872,193.50256484427592,190.4612794003693,192.07603454589844,60133900,0.0,0.0,186.70774480706808,187.14502152367365,52.08712240300493
2024-01-23 00:00:00-05:00,193.19546652112328,193.91863266844476,192.01659731903075,193.3539581298828,42355600,0.0,0.0,187.34071750447902,187.38850923372107,67.67976981243024
2024-01-24 00:00:00-05:00,193.59173469903226,194.54276001272405,192.52183688964197,192.6803436279297,53631300,0.0,0.0,187.84925332576006,187.596032151141,69.50902892845458
2024-01-25 00:00:00-05:00,193.39360373027958,194.43378338829353,191.30334341188293,192.35342407226562,54822100,0.0,0.0,188.27822196828438,187.7825965402047,75.2680437047586
2024-01-26 00:00:00-05:00,192.45249496932922,192.93790105900956,190.14429166563914,190.6197967529297,44594000,0.0,0.0,188.50122909063157,187.8938592936449,72.23103666360802
2024-01-29 00:00:00-05:00,190.2136280052267,190.4018528619721,187.8063693410428,189.93624877929688,47145600,0.0,0.0,188.63789763240922,187.9739529989646,64.28907249356666
2024-01-30 00:00:00-05:00,189.15363947733223,190.00559424490717,185.71610228505008,186.28076171875,55859400,0.0,0.0,188.413408497775,187.907553340917,55.83265488710531
2024-01-31 00:00:00-05:00,185.29013601531707,185.34958738130655,182.6253150741395,182.67483520507812,55467800,0.0,0.0,187.86687770799438,187.702348708139,46.739519563668196
2024-02-01 00:00:00-05:00,182.26865674153308,185.20095550981347,182.10024901841177,185.11180114746094,64885400,0.0,0.0,187.60448946413405,187.60075860772025,52.16647353886336
2024-02-02 00:00:00-05:00,178.1773164815156,185.5774319441079,177.57302274507782,184.1112823486328,102551700,0.0,0.0,187.27180307218157,187.46391640148153,49.88330945080455
2024-02-05 00:00:00-05:00,186.3897373769733,187.47945226083425,184.10135123689923,185.92413330078125,69668800,0.0,0.0,187.14345357014344,187.4035327504737,56.857420648416095
2024-02-06 00:00:00-05:00,185.11180183413052,187.53887744205016,185.02264747144727,187.5289764404297,43490800,0.0,0.0,187.1801700339802,187.40845211086412,60.960277702123065
2024-02-07 00:00:00-05:00,188.85644306077413,189.26261088240534,186.84543618864265,187.63795471191406,53439000,0.0,0.0,187.2237685747358,187.4174522128661,51.600936319167985
2024-02-08 00:00:00-05:00,187.6181328392653,187.76672344534998,185.59722501634783,186.5581512451172,40962000,0.0,0.0,187.16037644810547,187.38375413569946,42.80636309416329
2024-02-09 00:00:00-05:00,187.12353611951417,188.45270503827624,186.47880163607178,187.32192993164062,45155200,0.24,0.0,187.17576249415643,187.38132965710895,38.55248335404357
2024-02-12 00:00:00-05:00,186.8954092628083,187.14338640307878,185.27859346494134,185.63568115234375,41781900,0.0,0.0,187.02908808065047,187.3128728530005,31.77339883727383
2024-02-13 00:00:00-05:00,184.26685928046126,184.70330147289806,182.02513622573113,183.54275512695312,56529500,0.0,0.0,186.69705637077453,187.16502509903785,29.777315808206993
2024-02-14 00:00:00-05:00,183.8204888809099,184.02878118831165,180.96378758253468,182.65994262695312,54630500,0.0,0.0,186.31256934755345,186.9883551981718,29.0622313862185
2024-02-15 00:00:00-05:00,182.06482521105013,182.99722170980874,179.88262933424807,182.372314453125,65434500,0.0,0.0,185.93730697665552,186.8073339924837,30.99861279365639
2024-02-16 00:00:00-05:00,181.93587327545112,183.35431044132238,180.20003322850718,180.83485412597656,49752500,0.0,0.0,185.45135908611468,186.57311909575793,29.82509665177288
2024-02-20 00:00:00-05:00,180.31906186936408,180.9538827825082,178.54355209419236,180.09092712402344,53665600,0.0,0.0,184.9408417563917,186.31891548902325,34.24551025179562
2024-02-21 00:00:00-05:00,180.46782702325083,181.41013702999714,179.19818540957374,180.84475708007812,41371400,0.0,0.0,184.55073845388563,186.1042426102411,44.550929653126985
2024-02-22 00:00:00-05:00,181.99536064224762,183.46339606563654,180.98362490692526,182.87815856933594,52292200,0.0,0.0,184.39144513154756,185.97772951059775,43.18554656586628
2024-02-23 00:00:00-05:00,183.51299444569602,183.54275049121756,180.75548990166286,181.04315185546875,45119700,0.0,0.0,184.07256005763531,185.784216661377,41.093182867201946
2024-02-26 00:00:00-05:00,180.76540051034647,181.28118200444274,179.1882545795608,179.6941375732422,40867400,0.0,0.0,183.65556744007407,185.54539003046975,31.41371552704439
2024-02-27 00:00:00-05:00,179.6346334198553,182.43180748858953,178.1070858709482,181.15225219726562,54318900,0.0,0.0,183.4171564645685,185.37311011544216,30.807948601371308
2024-02-28 00:00:00-05:00,181.03321827875988,181.6382830805114,178.67248629654023,179.95204162597656,48953900,0.0,0.0,183.08714552755976,185.16051919428665,28.293485942805916
2024-02-29 00:00:00-05:00,179.80327228471162,181.09275646398507,178.07734590919267,179.2874755859375,136682600,0.0,0.0,182.72527219978622,184.93020375866513,28.973025832114644
2024-03-01 00:00:00-05:00,178.0971730296413,179.06923911535185,175.94473341504965,178.20628356933594,73563100,0.0,0.0,182.2948923302195,184.66652061398554,24.112600522252052
2024-03-04 00:00:00-05:00,174.7246735635979,175.46860492728393,172.38376893378626,173.6831817626953,81510100,0.0,0.0,181.47472941902674,184.23580144334673,20.766552343134805
2024-03-05 00:00:00-05:00,169.37829007310003,170.6479317427376,168.24751498810025,168.74346923828125,95132400,0.0,0.0,180.26222844943194,183.6282590039324,18.228209852116052
2024-03-06 00:00:00-05:00,169.67587669286206,169.85442810491517,167.31512946505867,167.75157165527344,68587700,0.0,0.0,179.07073732617877,183.00564381378894,18.143230988841722
2024-03-07 00:00:00-05:00,167.78131806385875,169.34853532264208,167.12666995146384,167.63253784179688,71765100,0.0,0.0,177.98138499433287,182.4027769129265,18.274904889019666
2024-03-08 00:00:00-05:00,167.6325286145872,172.29449531822434,167.57301652903823,169.34852600097656,76267000,0.0,0.0,177.15920794734654,181.89084550461473,25.465996407088824
2024-03-11 00:00:00-04:00,171.54066841678448,172.96901916174485,170.65787040570808,171.35220336914062,60139500,0.0,0.0,176.6061598922793,181.47756542087063,32.28786453317301
2024-03-12 00:00:00-04:00,171.7489536078961,172.62183794587216,169.62626998762764,171.82830810546875,59825400,0.0,0.0,176.15112638877352,181.09916317320784,31.51686904516137
2024-03-13 00:00:00-04:00,171.3720295685671,171.78862930722158,169.3782838692582,169.74530029296875,52488700,0.0,0.0,175.5410477129826,180.65391364849256,23.133140751220083
2024-03-14 00:00:00-04:00,171.5108905650266,172.89955631533712,170.65784870831544,171.60015869140625,72913500,0.0,0.0,175.16572494902294,180.29886443448916,30.697448975136012
2024-03-15 00:00:00-04:00,169.78500208375982,171.2232666015625,168.91211762701892,171.2232666015625,121752700,0.0,0.0,174.79025272545528,179.9429586371195,31.967936762221044
2024-03-18 00:00:00-04:00,174.1493830977455,176.27206668827822,172.11596763998543,172.31434631347656,75604200,0.0,0.0,174.55445211479065,179.64379736952566,30.887975085776276
2024-03-19 00:00:00-04:00,172.929301648071,175.18093788657362,171.62990410461092,174.6552276611328,55215200,0.0,0.0,174.56404978587085,179.4481671848828,39.084132792128976
2024-03-20 00:00:00-04:00,174.29817691484007,177.22430419921875,173.67326966604173,177.22430419921875,53423100,0.0,0.0,174.81740734904685,179.3609568717195,46.057609770661884
2024-03-21 00:00:00-04:00,175.61738497601507,176.05382709299283,169.4576271619808,169.98333740234375,106181300,0.0,0.0,174.35701973507514,178.99320708860674,37.281328842808826
2024-03-22 00:00:00-04:00,170.37020490965267,171.64977539848843,168.68396342338923,170.88600158691406,71160100,0.0,0.0,174.02644657810743,178.67527746108937,45.12785539099733
2024-03-25 00:00:00-04:00,169.18981143356353,170.54872100493543,168.07886380984138,169.46754455566406,54288300,0.0,0.0,173.59226543311283,178.31418989617075,51.43753669349292
2024-03-26 00:00:00-04:00,168.62446935677252,170.03297781398425,168.20786954283594,168.33682250976562,57388400,0.0,0.0,173.09174705946072,177.92292058689998,51.155553011427486
2024-03-27 00:00:00-04:00,169.03114031499092,172.19533102381604,168.73356472173438,171.9076690673828,60273300,0.0,0.0,172.97897772688188,177.6870283704483,57.428493705367394
2024-03-28 00:00:00-04:00,170.36027251639132,170.83638432396197,169.13030061690222,170.0924530029297,65672700,0.0,0.0,172.704070610315,177.3892018854476,51.288209791599286
2024-04-01 00:00:00-04:00,169.80480748103986,169.86431956551354,168.10863739693175,168.65419006347656,46240500,0.0,0.0,172.3183677010923,177.04665240223304,45.23471360633356
2024-04-02 00:00:00-04:00,167.71189467068976,167.96978543762384,166.86876637308836,167.4738311767578,49329500,0.0,0.0,171.85698327020333,176.67124764829285,42.49572029251899
2024-04-03 00:00:00-04:00,167.42424073989756,169.29894733031932,167.2159484161416,168.27728271484375,47691700,0.0,0.0,171.51605940778813,176.34207255286347,47.353371941913274
2024-04-04 00:00:00-04:00,168.91210166538218,170.52891745806397,167.45401000976562,167.45401000976562,53704400,0.0,0.0,171.12919756035743,175.99352108058514,42.236301338551
2024-04-05 00:00:00-04:00,168.217753601793,169.01128340394683,167.58293278713433,168.2078399658203,42104800,0.0,0.0,170.85097302754437,175.68820025255516,44.432185410685456
2024-04-08 00:00:00-04:00,167.66231443659373,167.83093708737283,166.87871327881734,167.08700561523438,37425500,0.0,0.0,170.49249994065772,175.350898502072,40.35860531744535
2024-04-09 00:00:00-04:00,167.33498182341344,168.7038205676874,166.98782288624614,168.29713439941406,42373800,0.0,0.0,170.28341750815832,175.07428030196778,37.76258443465492
2024-04-10 00:00:00-04:00,167.43415997850798,167.72180678766216,165.75783217031642,166.4224090576172,49709300,0.0,0.0,169.9157024176306,174.73499123356189,28.63865008645169
2024-04-11 00:00:00-04:00,166.97787330186227,174.040272115757,166.7993370367697,173.6236572265625,91070300,0.0,0.0,170.26884097086221,174.6914095077972,57.21026213859835
2024-04-12 00:00:00-04:00,172.8499658132502,176.91679662448954,172.80038249764078,175.12144470214844,101670900,0.0,0.0,170.73099370717517,174.7082736330659,58.1957890485026
2024-04-15 00:00:00-04:00,173.94108816854134,175.2008162956038,171.10422904105639,171.29269409179688,73531800,0.0,0.0,170.78448898190106,174.57432933732986,53.230417721074566
2024-04-16 00:00:00-04:00,170.360294137519,172.35402488220237,166.9084566077323,168.0094757080078,73711200,0.0,0.0,170.52020200343503,174.3168840969643,49.46163486532214
2024-04-17 00:00:00-04:00,168.2375982616629,169.26917642354965,166.640625,166.640625,50901200,0.0,0.0,170.15071847929838,174.01585432845587,40.66124816096003
2024-04-18 00:00:00-04:00,166.67037984876308,167.27544462394533,165.20235954360626,165.68838500976562,43122900,0.0,0.0,169.72573433934286,173.68928690419352,41.94484679510258
2024-04-19 00:00:00-04:00,164.86513304300607,165.05358296102196,162.75236290762146,163.6649169921875,68149400,0.0,0.0,169.14851363961378,173.29617435862465,41.065748150042594
2024-04-22 00:00:00-04:00,164.18070504913473,165.9066162144586,163.43677364744048,164.49810791015625,48116400,0.0,0.0,168.7056178558559,172.95115214495922,44.604308982904065
2024-04-23 00:00:00-04:00,164.01206877643943,165.69831011966792,163.58554027123327,165.5495147705078,49537800,0.0,0.0,168.40503660963228,172.66089185576507,45.097989749945846
2024-04-24 00:00:00-04:00,165.19244539313124,167.93012271313196,164.86512888648411,167.6523895263672,48251800,0.0,0.0,168.3333559350356,172.46447999971025,50.34082835893281
2024-04-25 00:00:00-04:00,168.15824741627387,169.2295104164757,166.78940883790665,168.5153350830078,50558300,0.0,0.0,168.3506872824615,172.30961157160428,50.52632238761064
2024-04-26 00:00:00-04:00,168.50542350147623,169.95360145871248,167.81107543218243,167.93011474609375,44838400,0.0,0.0,168.31063275518838,172.13786659805484,51.47005769126394
2024-04-29 00:00:00-04:00,171.96714692386752,174.60562678464615,171.699342565042,172.09609985351562,68169400,0.0,0.0,168.67115343121955,172.1362286865043,56.00495699770722
2024-04-30 00:00:00-04:00,171.92750782528833,173.57407962239418,168.6244505944639,168.9517822265625,65934800,0.0,0.0,168.69787998315698,172.01134843317325,53.84385639214315
2024-05-01 00:00:00-04:00,168.20784791968214,171.31252641733016,167.74164970644674,167.93011474609375,50383100,0.0,0.0,168.62475948438905,171.8513000532878,39.346683051172654
2024-05-02 00:00:00-04:00,171.11413192483198,172.0167723030629,169.50724497899176,171.6299285888672,94214900,0.0,0.0,168.91096606576792,171.84261881938895,43.96431661356011
2024-05-03 00:00:00-04:00,185.13970898312533,185.48688300008854,181.1820038934194,181.89617919921875,163224100,0.0,0.0,170.1476530308585,172.2368760891862,64.99300092170353
2024-05-06 00:00:00-04:00,180.87452115240256,182.70954279745968,178.9601298757301,180.2397003173828,78569700,0.0,0.0,171.10880039147986,172.5507123334292,68.12706313171748
2024-05-07 00:00:00-04:00,181.96559437964424,183.4038585438568,179.85283976309742,180.92408752441406,77305800,0.0,0.0,172.0435896422355,172.87907998797763,71.60870755560644
2024-05-08 00:00:00-04:00,181.37049360808004,181.58871471095884,179.98181248654907,181.26138305664062,45057100,0.0,0.0,172.92147472932172,173.2077977553762,74.00624741259267
2024-05-09 00:00:00-04:00,181.0828227285221,183.16583674066726,180.63646690744054,183.07656860351562,48983000,0.0,0.0,173.888626526864,173.59480837687187,80.11704379199159
2024-05-10 00:00:00-04:00,183.6526350835399,183.84135574437508,180.9013327671207,181.81512451171875,50759500,0.25,0.0,174.64353109685015,173.9171737154933,76.51488531355602
2024-05-13 00:00:00-04:00,184.18898588060125,185.83779081511702,183.3745104951717,185.0233154296875,72044800,0.0,0.0,175.63208198569183,174.3527086846774,77.96990764178636
2024-05-14 00:00:00-04:00,186.24503525163803,187.029714327999,185.0332642686859,186.1655731201172,52393600,0.0,0.0,176.63527161754186,174.81595827038092,77.34475011809846
2024-05-15 00:00:00-04:00,186.6423374407049,189.36384333151435,186.1059718662387,188.44012451171875,70400000,0.0,0.0,177.7595433217492,175.350239299453,78.25165653468478
2024-05-16 00:00:00-04:00,189.18505039119887,189.81080512810087,188.38051724709635,188.55929565429688,52845200,0.0,0.0,178.78809116294423,175.86824150944688,79.64218559796812
2024-05-17 00:00:00-04:00,188.23153932133224,189.52277241007562,187.90376371878457,188.589111328125,41282900,0.0,0.0,179.72152165486622,176.36709914939505,76.89590064238465
2024-05-20 00:00:00-04:00,188.05276500067424,190.6252889956646,187.73491647398643,189.751220703125,44361300,0.0,0.0,180.6767310880337,176.89196666130601,86.26297032905875
2024-05-21 00:00:00-04:00,189.80088903544183,191.42982486744873,189.63203768676544,191.05239868164062,42309400,0.0,0.0,181.66488990647247,177.447277720927,89.92364843503003
2024-05-22 00:00:00-04:00,190.9729201671483,191.5192128106237,188.9864124860383,189.61215209960938,34648500,0.0,0.0,182.42177202010456,177.92433161813022,83.67638881030476
2024-05-23 00:00:00-04:00,189.69162509909052,189.7114944206788,185.370979738518,185.61929321289062,51005900,0.0,0.0,182.72629784798895,178.22609481792477,59.11403393436646
2024-05-24 00:00:00-04:00,187.54620129756856,189.2943226367172,186.771449342652,188.6983642578125,36327000,0.0,0.0,183.29506607749596,178.63677205086154,69.35819222455414
2024-05-28 00:00:00-04:00,190.21803261577213,191.69798625592665,187.82430244055638,188.7082977294922,52280100,0.0,0.0,183.81061194911467,179.0317338421804,68.38212932414922
2024-05-29 00:00:00-04:00,188.33088121296123,190.95307102285372,188.23154975607,189.00628662109375,53068000,0.0,0.0,184.30543810835078,179.4228927746868,68.32332398100269
2024-05-30 00:00:00-04:00,189.47310363654154,190.88352231957748,189.34399093884022,189.99952697753906,49889100,0.0,0.0,184.8477322863687,179.83766274342614,67.04149955189828
2024-05-31 00:00:00-04:00,190.14851552916033,191.2708972062775,188.62883838261533,190.9530487060547,75158300,0.0,0.0,185.42919099300548,180.27356023215665,72.84008814705822
2024-06-03 00:00:00-04:00,191.5986723140291,193.67458449503022,191.22124613590765,192.72105407714844,50080500,0.0,0.0,186.12365414387625,180.76169724568575,70.73303046916547
2024-06-04 00:00:00-04:00,193.32693160548868,194.0023521144802,191.72779227719917,193.0388946533203,47471400,0.0,0.0,186.782248478109,181.24315596755378,69.37289368971372
2024-06-05 00:00:00-04:00,194.08179923154876,195.5716800296083,193.55537589536917,194.5486297607422,54156800,0.0,0.0,187.5219038383598,181.76493925356115,67.99295252392231
2024-06-06 00:00:00-04:00,194.36985841579607,195.17439165110096,192.86010824182844,193.1680145263672,41181800,0.0,0.0,188.05962866578906,182.21211867602415,62.63620960150612
2024-06-07 00:00:00-04:00,193.33687329712626,195.61143330627965,192.83031924399432,195.561767578125,53103900,0.0,0.0,188.77411808601155,182.7356343192438,66.92384270781483
2024-06-10 00:00:00-04:00,195.57169845948172,195.96900913658257,190.85374215435903,191.81719970703125,97010200,0.0,0.0,189.06393538325153,183.0917741383727,54.45589129673559
2024-06-11 00:00:00-04:00,192.34360572370616,205.762475197422,192.32375155853347,205.75253295898438,172373300,0.0,0.0,190.65332562855943,183.98043134702414,70.52133444440469
2024-06-12 00:00:00-04:00,205.97103997359795,218.7144883134223,205.50420946534445,211.63259887695312,198134300,0.0,0.0,192.65135165221596,185.06483007368803,77.3501545720424
2024-06-13 00:00:00-04:00,213.29135046662026,215.2877853731434,210.17253378994005,212.7947235107422,97862700,0.0,0.0,194.56976801969466,186.15227687514113,86.30574741604991
2024-06-14 00:00:00-04:00,212.40735976944958,213.71844708080008,209.87455920751867,211.05653381347656,70122700,0.0,0.0,196.13993619053102,187.12891440213468,80.97993920150064
2024-06-17 00:00:00-04:00,211.93055717808846,217.4729151673675,211.28494827432186,215.2082977294922,93728300,0.0,0.0,197.95597062281303,188.23006668948202,82.93828471721731
2024-06-18 00:00:00-04:00,216.12210108008887,217.15509356895643,211.56306955662498,212.8443603515625,79943300,0.0,0.0,199.37391250174153,189.1953331076028,78.18225965781215
2024-06-20 00:00:00-04:00,212.48678595825902,212.79470737847507,207.44106980621038,208.2654571533203,86172500,0.0,0.0,200.22072627808237,189.94318110939568,69.90691406213622
2024-06-21 00:00:00-04:00,208.97070143703453,210.46058238700795,205.71282963889428,206.09027099609375,241805100,0.0,0.0,200.7797305369406,190.57640032063875,66.0692308115955
2024-06-24 00:00:00-04:00,206.3187207615107,211.26512140596267,205.1963388988781,206.7358856201172,80727000,0.0,0.0,201.34698340200504,191.21010562650068,65.24092407050335
2024-06-25 00:00:00-04:00,207.73903864641352,209.95400566525086,207.20268823087267,207.6595916748047,55549700,0.0,0.0,201.94818418989072,191.85518351074788,65.69300100625766
2024-06-26 00:00:00-04:00,210.07319184959564,213.41052543273105,209.21899292189278,211.81138610839844,66213200,0.0,0.0,202.88753675355812,192.6377796910479,67.53434389962202
2024-06-27 00:00:00-04:00,213.2416710401095,214.28459061162127,210.91746067332394,212.65565490722656,49772700,0.0,0.0,203.81783372057419,193.42279440540787,70.01227868285271
2024-06-28 00:00:00-04:00,214.31437813701,214.61235731022026,208.88127860134253,209.19911193847656,82542700,0.0,0.0,204.33033640799349,194.04147352435177,63.70532306389081
2024-07-01 00:00:00-04:00,210.65921399467373,216.0426482623776,210.4903626519942,215.28778076171875,60402900,0.0,0.0,205.3739025369197,194.8746620434642,72.5262362448267
2024-07-02 00:00:00-04:00,214.69182595520752,218.89330089441245,213.6489214774443,218.78404235839844,58046200,0.0,0.0,206.65105871039387,195.8122848009126,65.64142950548253
2024-07-03 00:00:00-04:00,218.51584293427166,220.05538940429688,217.55238550522975,220.05538940429688,37369800,0.0,0.0,207.9276616336227,196.76299478535904,61.367307551324174
2024-07-05 00:00:00-04:00,220.1547017635972,224.92232310094593,220.1547017635972,224.8130645751953,60412400,0.0,0.0,209.53579524710582,197.86299752221538,64.78494058497482
2024-07-08 00:00:00-04:00,225.55804052038548,226.31292323770106,221.7439489111218,226.2831268310547,59085900,0.0,0.0,211.1307792074819,198.97751239707182,68.85611988220995
2024-07-09 00:00:00-04:00,226.3923429370984,227.85242731023644,224.84286935479298,227.1372833251953,48076100,0.0,0.0,212.65520817107364,200.08181713935116,66.08628483196375
2024-07-10 00:00:00-04:00,227.75311249906628,231.50761086701095,227.70344677503346,231.4082794189453,62627700,0.0,0.0,214.4412149565852,201.310305856198,73.8089413694997
2024-07-11 00:00:00-04:00,229.82901193417422,230.82226580227746,224.2469300453064,226.0347900390625,64710600,0.0,0.0,215.5453649644402,202.27989347121232,72.33463508153218
2024-07-12 00:00:00-04:00,227.37567478656334,231.07058040656065,227.13728840093884,228.9847412109375,53046500,0.0,0.0,216.8253055593447,203.32714240218192,78.22676953941294
2024-07-15 00:00:00-04:00,234.88468027763452,235.62962070976812,231.5175501306247,232.81871032714844,62631300,0.0,0.0,218.3484869658022,204.4836744776708,79.81378809474475
2024-07-16 00:00:00-04:00,233.41466404542834,234.67610072880163,230.76267797901863,233.2358856201172,43234300,0.0,0.0,219.76633445668935,205.61121216953146,79.57729876924185
2024-07-17 00:00:00-04:00,227.90209958898402,229.8985495862513,225.11105861290636,227.33595275878906,57345900,0.0,0.0,220.48725048546075,206.46316278087488,67.25546317226258
2024-07-18 00:00:00-04:00,228.7265187407576,228.88544301040346,220.77056004528671,222.66766357421875,66034600,0.0,0.0,220.6949088748663,207.0986334002217,60.256415466835904
2024-07-19 00:00:00-04:00,223.30335264411235,225.2699911539264,221.77373312637206,222.79678344726562,49151500,0.0,0.0,220.895087405571,207.71424712755677,64.94870747947846
2024-07-22 00:00:00-04:00,225.47858555528356,226.2433953805214,221.585031685846,222.4491729736328,48201800,0.0,0.0,221.04309555491022,208.29208735681465,59.010299097336315
2024-07-23 00:00:00-04:00,222.8563682936816,225.40903804109774,221.17776681088287,223.49205017089844,39960300,0.0,0.0,221.27632932786148,208.88816432991598,56.3132617291246
2024-07-24 00:00:00-04:00,222.48886176091068,223.28346786979841,215.66521268088363,217.06568908691406,61777600,0.0,0.0,220.87531597158076,209.20885157528846,46.47787113013072
2024-07-25 00:00:00-04:00,217.45305415919788,219.36011485373604,213.17213256832727,216.0227813720703,51391200,0.0,0.0,220.41316981924643,209.47606450849563,38.650933055319804
2024-07-26 00:00:00-04:00,217.22462220056258,218.0093012590926,214.55276681781487,216.4896240234375,41601300,0.0,0.0,220.03949879107415,209.7511060581012,37.01942231780731
2024-07-29 00:00:00-04:00,215.49638213713573,217.82059272630025,214.294538197557,216.7677459716797,36311800,0.0,0.0,219.72790328446513,210.02626840765328,36.04280618506902
2024-07-30 00:00:00-04:00,217.71132777069818,218.84363662609175,214.6620309808042,217.32395935058594,41643800,0.0,0.0,219.49895624314328,210.31245236619966,28.93641239657954
2024-07-31 00:00:00-04:00,219.94615098169663,222.31010016667176,219.14161772956027,220.5818328857422,50036300,0.0,0.0,219.6020873519622,210.71517317088762,41.29400260279759
2024-08-01 00:00:00-04:00,222.8563831356547,222.96564167600837,215.55597572208578,216.88693237304688,62501000,0.0,0.0,219.34350116349407,210.95720294352134,31.133841734452417
2024-08-02 00:00:00-04:00,217.6715836076827,224.0780833133434,216.24131073912352,218.37680053710938,105568600,0.0,0.0,219.25143443717172,211.2481675550346,25.70182352171001
2024-08-05 00:00:00-04:00,197.74691336614487,212.0597055615941,194.6777624827749,207.85824584960938,119548600,0.0,0.0,218.16636885740388,211.1152294489395,18.1341342706896
2024-08-06 00:00:00-04:00,203.91501287026546,208.5733757245506,199.7135534430835,205.8319854736328,69660500,0.0,0.0,216.99166567799713,210.9080434106922,20.08834576252768
2024-08-07 00:00:00-04:00,205.50421123787663,212.1987475040528,204.9976572409954,208.40452575683594,63516400,0.0,0.0,216.17384282836275,210.80986624779587,28.93188189489979
2024-08-08 00:00:00-04:00,211.67233918968967,212.7549823030523,207.42121371107248,211.87098693847656,47161100,0.0,0.0,215.76404702932598,210.851478823901,35.30981123977428
2024-08-09 00:00:00-04:00,210.66914912089348,215.317569896599,210.54002126961797,214.78121948242188,42201600,0.0,0.0,215.6704444058113,211.00558630070574,40.35477918525391
2024-08-12 00:00:00-04:00,214.86080125653766,218.281537024183,214.39343033300037,216.3126220703125,38028100,0.25,0.0,215.73160418338284,211.21370535049425,41.07891590411036
2024-08-13 00:00:00-04:00,217.7843155173404,220.64820259017597,217.7843155173404,220.03167724609375,44155300,0.0,0.0,216.14113495126006,211.55950816992953,53.951359686979465
2024-08-14 00:00:00-04:00,219.33561365974072,221.78183806687042,218.4704721927748,220.4791717529297,41960600,0.0,0.0,216.55428131332383,211.90929889867465,56.03261305133466
2024-08-15 00:00:00-04:00,223.34301775178236,224.08882032863818,221.51330389811793,223.46234130859375,46414000,0.0,0.0,217.21219178906384,212.36235938533815,58.83692975073641
2024-08-16 00:00:00-04:00,222.66684293368954,225.56056092969672,222.39834972442236,224.78492736816406,44340200,0.0,0.0,217.93340470135908,212.84951891407644,59.89858273555324
2024-08-19 00:00:00-04:00,224.45676193958974,224.7252551363764,221.79175263729985,224.6258087158203,40687800,0.0,0.0,218.57077651226015,213.31133420041934,59.104659808627375
2024-08-20 00:00:00-04:00,224.50650638916653,225.89866536829538,224.18828995199718,225.2423553466797,30299000,0.0,0.0,219.20616497268108,213.77921738262563,56.220965757721416
2024-08-21 00:00:00-04:00,225.25230383574092,226.70412456960102,223.7905293550798,225.13296508789062,34765500,0.0,0.0,219.77062212651055,214.22446239067526,62.172099392759975
2024-08-22 00:00:00-04:00,226.51518775043243,227.06211276120644,222.6469583809866,223.2734375,43695300,0.0,0.0,220.1042235906524,214.5793241596684,57.149974199079715
2024-08-23 00:00:00-04:00,224.39712188969804,226.9427926991927,223.07456326985692,225.5705108642578,38677300,0.0,0.0,220.62482237861482,215.01035108926015,84.03474338577954
2024-08-26 00:00:00-04:00,225.49095216733542,226.00804628168004,222.6370187250734,225.90859985351562,30602200,0.0,0.0,221.12803928098634,215.43773339374079,91.25441236320812
2024-08-27 00:00:00-04:00,224.73522230134634,227.56927874043384,223.63143365567382,226.7538604736328,35934600,0.0,0.0,221.6638317755241,215.88150308314832,90.5861618340727
2024-08-28 00:00:00-04:00,226.64446298605537,228.57360836626125,224.41699349604747,225.22247314453125,38052200,0.0,0.0,222.00275000114385,216.24781563457512,82.29625194976418
2024-08-29 00:00:00-04:00,228.8122756660522,231.61648594304322,227.5991020536236,228.50399780273438,51906300,0.0,0.0,222.6219164584382,216.72845022940487,82.60864520545562
2024-08-30 00:00:00-04:00,228.90175696593346,229.11057321557684,226.2069166530855,227.71841430664062,52990800,0.0,0.0,223.10729720588606,217.15942921282587,78.09888835927362
2024-09-03 00:00:00-04:00,227.27093626472063,227.71841483123856,219.9322331496077,221.52328491210938,50190600,0.0,0.0,222.95643889219303,217.3305608088762,53.27510858509037
2024-09-04 00:00:00-04:00,220.41949337418052,220.53881694406624,216.2628786668988,219.61402893066406,43840200,0.0,0.0,222.63811413395217,217.42010857835808,48.214996322825684
2024-09-05 00:00:00-04:00,220.38966486266608,224.2181094473344,220.28027986462445,221.13546752929688,36615400,0.0,0.0,222.4950049335088,217.5658089293753,44.89091250217773
2024-09-06 00:00:00-04:00,222.69667077468378,223.97945984429646,218.54007124155592,219.58419799804688,48423000,0.0,0.0,222.21778522536957,217.64496144187223,38.694359104318984
2024-09-09 00:00:00-04:00,219.58419811845144,220.03167667908036,215.49719894103853,219.67369079589844,67180000,0.0,0.0,221.9754905178009,217.72451945575563,39.20211817376052
2024-09-10 00:00:00-04:00,217.69481595725216,220.24048653111632,215.5170698289156,218.87815856933594,51591000,0.0,0.0,221.680506522709,217.7697602053078,36.23061614991805
2024-09-11 00:00:00-04:00,220.22061344649163,221.8414808899648,216.670585544778,221.4138946533203,44587100,0.0,0.0,221.65511491610056,217.9126674385632,42.718071258231774
2024-09-12 00:00:00-04:00,221.25479170284098,222.29891847364556,218.5897974500539,221.52328491210938,37455600,0.0,0.0,221.6425596776252,218.05426028066307,46.32107001956571
2024-09-13 00:00:00-04:00,222.3287642541488,222.78618142445666,220.66811202153605,221.2548065185547,36766600,0.0,0.0,221.6056308053328,218.1797718978353,40.08229165497817
2024-09-16 00:00:00-04:00,215.328129813119,216.0043320914465,212.7227974671536,215.109375,59357400,0.0,0.0,220.98693977625348,218.05936417635158,30.411282849541706
2024-09-17 00:00:00-04:00,214.5425786319653,215.68613671290518,213.29957412077198,215.57675170898438,45519300,0.0,0.0,220.47168376984692,217.96200682469015,29.444040030779092
2024-09-18 00:00:00-04:00,216.33251398665766,221.46364038861367,216.32256023932743,219.45494079589844,59894900,0.0,0.0,220.37485110566135,218.02055325493362,40.23571850383021
2024-09-19 00:00:00-04:00,223.7308812843982,228.53385270483295,223.37289536568892,227.5891571044922,66781300,0.0,0.0,221.06192786745476,218.39579262158298,48.66976843254325
2024-09-20 00:00:00-04:00,228.68298057338347,231.78551472560144,226.34612621296694,226.92288208007812,318679900,0.0,0.0,221.62011398294268,218.73018828662202,48.83922241973233
2024-09-23 00:00:00-04:00,226.06770192621624,228.16589404695566,224.54626569168985,225.20257568359375,54146000,0.0,0.0,221.96130081157614,218.98400740022876,56.174883762856766
2024-09-24 00:00:00-04:00,227.37035418692216,228.06644877557946,224.46669778796843,226.09751892089844,43556100,0.0,0.0,222.3552263457973,219.26296863633348,61.264634146341464
2024-09-25 00:00:00-04:00,223.67119056847437,226.0179836305296,222.76629484001745,225.10313415527344,42308700,0.0,0.0,222.6169318514617,219.49199473511544,57.022164682015635
2024-09-26 00:00:00-04:00,226.02791885863684,227.2212000254045,224.1484968482946,226.24668884277344,36636700,0.0,0.0,222.96262299349138,219.75688470012165,61.964258998136174
2024-09-27 00:00:00-04:00,227.18143093581907,228.2354962210898,226.02791923090672,226.51516723632812,34026000,0.0,0.0,223.3009605404282,220.02191538781602,62.207203061962936
2024-09-30 00:00:00-04:00,228.75258844686658,231.69602966308594,228.3647716650959,231.69602966308594,54541900,0.0,0.0,224.10049093306228,220.4797237907678,69.7760122342935
2024-10-01 00:00:00-04:00,228.23551952322458,228.364781673884,222.48786790384585,224.9440460205078,63285000,0.0,0.0,224.180829512819,220.65479525075762,54.81946785702084
2024-10-02 00:00:00-04:00,224.62583039487592,226.09754348610434,221.77189689552054,225.51084899902344,32880600,0.0,0.0,224.30749803531467,220.84522873108176,55.37678810316526
2024-10-03 00:00:00-04:00,223.88001079844628,225.5406628776434,222.0702042586661,224.40704345703125,34044200,0.0,0.0,224.31697855166863,220.98490773994254,54.15680209650035
2024-10-04 00:00:00-04:00,226.6245660168141,226.72401244250622,222.87567550784985,225.53073120117188,37245100,0.0,0.0,224.4325740420975,221.1631753266574,65.84039877576656
2024-10-07 00:00:00-04:00,223.24361256318196,224.42695529805295,220.09135491038006,220.4493408203125,39505400,0.0,0.0,224.0532184971656,221.13518181660467,56.495247300647385
2024-10-08 00:00:00-04:00,223.0447257693685,224.71531649859696,222.00059897690352,224.50650024414062,31855700,0.0,0.0,224.09638818735368,221.2673903823904,56.701840673611315
2024-10-09 00:00:00-04:00,223.9694944669103,228.46420250356093,223.57173913909054,228.25537109375,33591100,0.0,0.0,224.49248179748668,221.5414288416594,51.00024604664439
2024-10-10 00:00:00-04:00,226.50523572074002,228.21561101279016,225.89864895817115,227.7581787109375,28183500,0.0,0.0,224.80350055114866,221.7852229541801,51.260504588676966
2024-10-11 00:00:00-04:00,228.0167412789572,228.12612627842185,226.0677036085129,226.2765350341797,31759200,0.0,0.0,224.94378954953257,221.9613528396703,51.6324170571266
2024-10-14 00:00:00-04:00,227.4200987868959,230.43314046117197,227.32066753158787,230.00555419921875,39882100,0.0,0.0,225.4258623733122,222.27681171651534,55.4690212575138
2024-10-15 00:00:00-04:00,232.3026279543652,236.1609188169062,231.06956201546166,232.54129028320312,64751400,0.0,0.0,226.1035221742542,222.679340287758,59.97869430129877
2024-10-16 00:00:00-04:00,230.30386376880503,230.8209426799016,228.55370384388218,230.48284912109375,34082200,0.0,0.0,226.52060093109606,222.9853602420065,55.54687977647925
2024-10-17 00:00:00-04:00,232.12361966628396,232.5412825211578,229.22991678936268,230.8507843017578,32993800,0.0,0.0,226.93299934734955,223.2938082443497,55.66236152434322
2024-10-18 00:00:00-04:00,234.8582339303053,234.8582339303053,232.70037994861724,233.68484497070312,46431500,0.0,0.0,227.57603226385942,223.70129988067728,52.76702976161412
2024-10-21 00:00:00-04:00,233.13791711516282,235.52449481958178,233.13791711516282,235.15655517578125,36254500,0.0,0.0,228.2979868268996,224.1505255785245,66.65583298949267
2024-10-22 00:00:00-04:00,232.5810475805218,234.89800969153723,231.29827366695753,234.54002380371094,38846600,0.0,0.0,228.89246653897686,224.55795688147302,64.70205612529355
2024-10-23 00:00:00-04:00,232.76999409553275,233.82405947286142,226.4853561254601,229.46856689453125,52287000,0.0,0.0,228.94733323950587,224.75052982316157,57.29855442363968
2024-10-24 00:00:00-04:00,228.69293816499177,229.52824872985036,227.13173238618916,229.27964782714844,31109500,0.0,0.0,228.97898224785277,224.92814229390615,55.555585705247275
2024-10-25 00:00:00-04:00,228.4542922398222,231.91481257552053,228.2852454458818,230.1149444580078,38802300,0.0,0.0,229.0871691250104,225.1315463003415,66.38572685738706
2024-10-28 00:00:00-04:00,232.0142263332846,233.41632370284572,231.24853140811646,232.09376525878906,36087100,0.0,0.0,229.3735116139417,225.40457449479044,63.83747859282878
2024-10-29 00:00:00-04:00,231.7954872619061,233.01859945208068,231.01985366097637,232.36228942871094,35417200,0.0,0.0,229.6581571201102,225.67742606082655,58.57921246851538
2024-10-30 00:00:00-04:00,231.30821865562254,232.1634063461827,228.2653461113998,228.81227111816406,47070900,0.0,0.0,229.57759654849627,225.8003611611143,51.95288272187429
2024-10-31 00:00:00-04:00,228.05650301771783,228.5437662121666,224.10871977089283,224.6457061767578,64370100,0.0,0.0,229.1078927035688,225.75508057349248,47.25200190059712
2024-11-01 00:00:00-04:00,219.7333456007168,224.08883784550613,219.03726617591775,221.66249084472656,65276700,0.0,0.0,228.3988068122505,225.5945868586389,35.579222217826484
2024-11-04 00:00:00-05:00,219.7532516264011,221.5431659237015,218.48041626355018,220.7675323486328,44944500,0.0,0.0,227.67201876809645,225.40529060334455,28.425635189809
2024-11-05 00:00:00-05:00,220.558703156551,222.69666464924057,219.90239319356397,222.199462890625,28111300,0.0,0.0,227.15082297024205,225.27957186951244,34.46473357730659
2024-11-06 00:00:00-05:00,221.36417152277414,224.80481443000403,219.95212032394844,221.4735565185547,54561100,0.0,0.0,226.6101309272242,225.1303163655533,32.64627712145737
2024-11-07 00:00:00-05:00,223.37286824297072,226.60467969295215,223.31320645932942,226.2069091796875,42137700,0.0,0.0,226.57172885603023,225.1725356915978,37.07009273301188
2024-11-08 00:00:00-05:00,226.1471715847569,227.63046836972322,225.39059893200246,225.93812561035156,38328800,0.25,0.0,226.51138568977512,225.20255882566659,33.3688087153819
2024-11-11 00:00:00-05:00,223.9869352698107,224.68378047485507,220.5026940545025,223.22039794921875,42005600,0.0,0.0,226.19795828591262,225.12482702659022,31.017197146142735
2024-11-12 00:00:00-05:00,223.53896443728829,224.57427514334194,222.35431999366972,223.22039794921875,40398300,0.0,0.0,225.9143811109894,225.05014353336,37.37438518423507
2024-11-13 00:00:00-05:00,223.00142703514817,225.629540269826,221.75705495073464,224.10643005371094,48566200,0.0,0.0,225.74219529601052,225.01313516160906,39.83296447571237
2024-11-14 00:00:00-05:00,224.00686988588794,227.83952645793332,223.98695568104733,227.1924591064453,44923900,0.0,0.0,225.88031565890907,225.0985988457203,44.723205794092394
2024-11-15 00:00:00-05:00,225.38064426033654,225.89830725108274,223.26024476090137,223.98695373535156,47923700,0.0,0.0,225.6999954757131,225.0550049198235,35.983370673161645
2024-11-18 00:00:00-05:00,224.23582987715278,228.70561947942855,224.1561882479486,226.9933624267578,44633700,0.0,0.0,225.8231732805745,225.13101893970327,41.5200064011229
2024-11-19 00:00:00-05:00,225.95804731142948,229.123737666772,225.63949596937007,227.252197265625,36211800,0.0,0.0,225.95927080296028,225.21420240346492,47.2500262245521
2024-11-20 00:00:00-05:00,227.0331781982001,228.89475383274825,224.8729502483013,227.9689483642578,35169600,0.0,0.0,226.150668665941,225.32223165682936,56.669042868393944
2024-11-21 00:00:00-05:00,227.8494991340082,229.1237348668511,224.69377351516385,227.49111938476562,42108300,0.0,0.0,226.2783306391624,225.40728607753275,63.00449728154481
2024-11-22 00:00:00-05:00,227.0331737980822,229.68120098473537,227.0331737980822,228.83502197265625,38168300,0.0,0.0,226.5218250518761,225.54170709302778,67.64620479317958
2024-11-25 00:00:00-05:00,230.41789305922475,232.19982717145672,228.70563588373938,231.821533203125,90152800,0.0,0.0,227.02655916151886,225.78797478361983,69.70639412788256
2024-11-26 00:00:00-05:00,232.2794717613211,234.50939199708804,232.2794717613211,234.00167846679688,45986200,0.0,0.0,227.690856238212,226.1100808104111,74.21565730121344
2024-11-27 00:00:00-05:00,233.41431778082386,234.6288260383393,232.75728573526553,233.8722381591797,33498400,0.0,0.0,228.2795592783042,226.41447913781377,68.02427754707219
2024-11-29 00:00:00-05:00,233.75280101667178,236.73929396987336,232.91658663539664,236.26145935058594,28481400,0.0,0.0,229.03974023756913,226.80063522458917,72.07317900759274
2024-12-02 00:00:00-05:00,236.20171450499868,239.70585504150458,236.0922091638524,238.51126098632812,48137100,0.0,0.0,229.94178983268904,227.2598754505397,83.3622532210274
2024-12-03 00:00:00-05:00,238.73028547870095,241.66700046466846,237.82437898500294,241.5574951171875,38861000,0.0,0.0,231.04804747883173,227.82056641785925,85.31438364537394
2024-12-04 00:00:00-05:00,241.77649398259703,243.01091645834052,240.16379275322726,241.91586303710938,44383900,0.0,0.0,232.08307753200103,228.37332314802592,85.00972159814555
2024-12-05 00:00:00-05:00,242.89148997461442,243.4390015590829,241.03986363980277,241.9457550048828,40033900,0.0,0.0,233.02238014846597,228.9055753777066,82.96259426436296
2024-12-06 00:00:00-05:00,241.81633519239523,243.5285923470879,240.99007032901886,241.74664306640625,36870600,0.0,0.0,233.85326233112696,229.4091466596164,95.83748492627164
2024-12-09 00:00:00-05:00,240.74117665680967,246.1268220997756,240.66153502923254,245.63902282714844,44649200,0.0,0.0,234.97571571170045,230.04561239167646,96.01952614231398
2024-12-10 00:00:00-05:00,245.77840669680953,247.09247084593116,244.23538234840328,246.65444946289062,36914800,0.0,0.0,236.08797606895666,230.69693933564562,96.16283291220121
2024-12-11 00:00:00-05:00,246.84360125039836,249.67081089954078,245.15124311202538,245.38021850585938,45205800,0.0,0.0,236.97295153913788,231.27275420506578,90.35525454899118
2024-12-12 00:00:00-05:00,245.77839247075497,247.62006903646127,244.57383373711528,246.8435821533203,32777500,0.0,0.0,237.91301159763145,231.8833749089189,92.89484382387816
2024-12-13 00:00:00-05:00,246.70421556592945,248.16758302178013,245.13132757947596,247.0128173828125,33155300,0.0,0.0,238.7796597676487,232.47668637848338,92.50453124777006
2024-12-16 00:00:00-05:00,246.87345818165343,250.2481944775453,246.53497744922532,249.9097137451172,51694800,0.0,0.0,239.83966490836,233.16033451050822,92.47298652031125
2024-12-17 00:00:00-05:00,248.95404406138837,252.68716009783537,248.655391740455,252.33872985839844,51356400,0.0,0.0,241.03005204645888,233.91242844571963,92.55994225880549
2024-12-18 00:00:00-05:00,251.02469300208548,253.135143175504,246.62459517802284,246.93319702148438,56774100,0.0,0.0,241.59225632979465,234.4230468212398,74.35046037445572
2024-12-19 00:00:00-05:00,246.3856613682502,250.86540066585474,245.97750369773615,248.66534423828125,60882300,0.0,0.0,242.2658837496505,234.98156828857478,73.70624818827795
2024-12-20 00:00:00-05:00,246.92322076153135,253.8518908180873,244.58381048961357,253.3441925048828,147495300,0.0,0.0,243.32096077395835,235.70167119901822,75.94014897644738
2024-12-23 00:00:00-05:00,253.62291772369178,254.49894524760987,252.30885365268378,254.12066650390625,40858800,0.0,0.0,244.34950417681054,236.4239847403864,73.86537025614388
2024-12-24 00:00:00-05:00,254.3396705835317,257.0474099027653,254.14055892454206,257.0374755859375,23234700,0.0,0.0,245.55788240625122,237.23235693040803,76.18065366963994
2024-12-26 00:00:00-05:00,257.02754060124687,258.9289447577566,256.4700643478404,257.8537902832031,27237100,0.0,0.0,246.72892125167522,238.04104059130196,76.8120906686994
2024-12-27 00:00:00-05:00,256.66912911312295,257.53523753189216,251.92061656694878,254.43922424316406,42355300,0.0,0.0,247.4632358222932,238.6841066168652,69.30064202366229
2024-12-30 00:00:00-05:00,251.0943626150189,252.3586488565982,249.62103037787767,251.0644989013672,35557500,0.0,0.0,247.80621325839547,239.16961219664958,58.38206866637121
2024-12-31 00:00:00-05:00,251.30342042234355,252.1396347735265,248.30696287880588,249.29251098632812,39480700,0.0,0.0,247.94776542296052,239.56658861977425,53.98256304127687
2025-01-02 00:00:00-05:00,247.80920478270548,247.97845273823052,240.73123158611202,242.75209045410156,55740700,0.0,0.0,247.45293923545012,239.69151026033612,46.57674027015285
2025-01-03 00:00:00-05:00,242.26429748535156,243.08059762167903,240.80091479245596,242.26429748535156,40244100,0.0,0.0,246.95878287829788,239.7924038770034,43.87972356094743
2025-01-06 00:00:00-05:00,243.2100158477468,246.21642284830082,242.10501290585998,243.89691162109375,45045600,0.0,0.0,246.6671760918975,239.95336496500695,45.99231607406965
2025-01-07 00:00:00-05:00,241.88599852058522,244.44443460073458,240.263347789176,241.11947631835938,40856000,0.0,0.0,246.1388237325129,239.99909482200115,38.659129145410304
2025-01-08 00:00:00-05:00,240.83078235887348,242.61273160476242,238.9692066706783,241.60726928710938,37628900,0.0,0.0,245.70724711866495,240.06216048729954,35.424542828566786
2025-01-10 00:00:00-05:00,238.92936055450792,239.07869430046486,231.95092822526084,235.78359985351562,61710900,0.0,0.0,244.76213785531738,239.8943737957786,35.02670071024299
2025-01-13 00:00:00-05:00,232.47854174290725,233.61340834282421,228.6856985060818,233.34461975097656,49630700,0.0,0.0,243.6747551787135,239.63752069598243,29.808436762091006
2025-01-14 00:00:00-05:00,233.69305795736565,235.05688478727922,231.4233246799516,232.22967529296875,39435300,0.0,0.0,242.58474757054734,239.34701695468777,19.28755234114105
2025-01-15 00:00:00-05:00,233.58357326040942,237.88413049671612,233.37451206555187,236.7990264892578,39832000,0.0,0.0,242.03372651518643,239.24709575996502,27.308333656493588
2025-01-16 00:00:00-05:00,236.28136958651152,236.9383864807084,227.0033243432251,227.23228454589844,71759100,0.0,0.0,240.62406537525425,238.77592669274674,16.748145906115084
2025-01-17 00:00:00-05:00,231.07489856287185,231.24413133243607,227.4512878984511,228.9445343017578,68488300,0.0,0.0,239.51172908254028,238.3903818931001,18.37980015788429
2025-01-21 00:00:00-05:00,222.99146586562136,223.40957304130882,218.39227174297113,221.63758850097656,98070400,0.0,0.0,237.8094299795342,237.73340960321292,16.93760235450742
2025-01-22 00:00:00-05:00,218.80041619812283,223.1109227348787,218.80041619812283,222.82223510742188,64126500,0.0,0.0,236.38207808695208,237.14865766220151,20.218367157136754
2025-01-23 00:00:00-05:00,223.72813912330528,226.00782197454978,221.29912251598503,222.6529998779297,60234800,0.0,0.0,235.07454682894993,236.58020049419085,20.92570283197813
2025-01-24 00:00:00-05:00,223.76795755359672,224.61413662079448,220.4131353788753,221.77696228027344,54697900,0.0,0.0,233.80811020526644,235.99968134854706,23.878026792663945
2025-01-27 00:00:00-05:00,223.01138591977585,231.10477141655377,222.9715575076631,228.82508850097656,94863400,0.0,0.0,233.3335367096198,235.71832476628938,35.61382715920324
2025-01-28 00:00:00-05:00,229.81063008981926,239.1085741517517,229.77080167884077,237.187255859375,75707600,0.0,0.0,233.70055758102507,235.77592990719472,43.72205632337312
2025-01-29 00:00:00-05:00,233.06589003597526,238.78005164957875,232.9563846938824,238.2823028564453,45486100,0.0,0.0,234.13691427392223,235.87421904245946,47.259083982113744
2025-01-30 00:00:00-05:00,237.59540286874542,239.70585285329432,236.14198492507634,236.520263671875,55658300,0.0,0.0,234.3638999308701,235.89955412596595,45.20366946290282
2025-01-31 00:00:00-05:00,246.0770438113447,246.0770438113447,232.38895238779278,234.9374237060547,100959800,0.0,0.0,234.41852124279245,235.86182352126357,49.132827035467855
2025-02-03 00:00:00-05:00,228.95449458875606,230.78620649590428,224.6838014511222,226.9833984375,73063300,0.0,0.0,233.71041430895508,235.51364998856695,44.14299615076935
2025-02-04 00:00:00-05:00,226.2268315478868,232.08036234711574,225.62952690670866,231.75184631347656,45067300,0.0,0.0,233.5238840236714,235.36612827581834,49.58777925766831
2025-02-05 00:00:00-05:00,227.50106167329415,231.62242106375825,227.24223776986636,231.42332458496094,39620300,0.0,0.0,233.32383074379422,235.21150852323572,44.99628167464966
2025-02-06 00:00:00-05:00,230.24864925075528,232.74735812237688,229.3925206475463,232.1699676513672,29925300,0.0,0.0,233.21393902070594,235.0922324106134,55.49890428389651
2025-02-07 00:00:00-05:00,231.55275755143822,232.946448173879,226.236788599926,226.60513305664062,39707200,0.0,0.0,232.5845289288902,234.75940498496743,47.60059232809292
2025-02-10 00:00:00-05:00,228.7876615470872,229.80417456619486,226.42572786906877,226.8741912841797,33115600,0.25,0.0,232.04068724844157,234.45018091826987,56.27714353442473
2025-02-11 00:00:00-05:00,227.4223198813819,234.42836130351915,227.35256634016287,231.82725524902344,53718400,0.0,0.0,232.02036039135413,234.34732108810334,59.899959169061894
2025-02-12 00:00:00-05:00,230.41209906543347,236.15247950770552,229.89386689621963,236.06277465820312,45243300,0.0,0.0,232.40535222629214,234.41459377712687,63.53254979641652
2025-02-13 00:00:00-05:00,236.10264318513748,241.514131106333,234.7672133917818,240.70689392089844,53614100,0.0,0.0,233.1959752448261,234.66135064551008,67.75309557826867
2025-02-14 00:00:00-05:00,240.4278591482801,244.71320848741047,240.16875066053348,243.76644897460938,40896200,0.0,0.0,234.20268702861497,235.01841332508263,65.14555835651628
2025-02-18 00:00:00-05:00,243.31796980618805,244.34445851454996,241.01584434943877,243.6368865966797,48822500,0.0,0.0,235.10118222557352,235.35639266906682,57.847549783909855
2025-02-19 00:00:00-05:00,243.8262313730556,245.17162160901916,242.33134319523683,244.03550720214844,32204200,0.0,0.0,235.95207031858067,235.69675010173668,57.12085752014771
2025-02-20 00:00:00-05:00,244.1052669318995,245.9389927126525,243.45747295470235,244.9922332763672,32316900,0.0,0.0,236.81303821932224,236.06127885368298,60.699217742827514
2025-02-21 00:00:00-05:00,245.11182656230832,247.84249441981407,244.38431857946645,244.71319580078125,53197400,0.0,0.0,237.5654341794612,236.4005697143535,62.76619274875709
2025-02-24 00:00:00-05:00,244.0953010258401,248.01191597096326,243.58704451830639,246.25791931152344,51326400,0.0,0.0,238.39328990632424,236.7871324436543,80.23128636286398
2025-02-25 00:00:00-05:00,247.15485528022737,249.14803959700342,244.0753891604379,246.1981201171875,48013300,0.0,0.0,239.13660706926362,237.15619078379285,76.58518285138877
2025-02-26 00:00:00-05:00,243.49736566903925,244.14514449402503,238.3150894487839,239.5408935546875,44433600,0.0,0.0,239.1751105440659,237.24970853951422,62.11632094461174
2025-02-27 00:00:00-05:00,238.5941277716784,241.6337368385667,236.25213016109495,236.49131774902344,41153600,0.0,0.0,238.9195112302523,237.21996772420087,56.0351654234231
2025-02-28 00:00:00-05:00,236.14250368420718,241.26498665715278,229.41550676334808,241.01583862304688,56833400,0.0,0.0,239.1191614581375,237.36882540650856,70.72820204872122
2025-03-03 00:00:00-05:00,240.96600727263495,243.1983791446907,235.30537120652147,237.2188262939453,47184000,0.0,0.0,238.93817715678586,237.36294308836884,63.50860315496837
2025-03-04 00:00:00-05:00,236.89992456399492,239.25188262538288,233.88023638606123,235.1259765625,53798100,0.0,0.0,238.57511043352054,237.27521891088378,54.655417089279524
2025-03-05 00:00:00-05:00,234.61771347352882,235.7438674276595,228.44880585950324,234.93663024902344,47227600,0.0,0.0,238.22858851118747,237.18350955159514,48.20578646809566
2025-03-06 00:00:00-05:00,233.64106399817908,237.04940729600818,232.3654272740836,234.5280303955078,45170400,0.0,0.0,237.87615440493227,237.07937311410154,38.61968528190405
2025-03-07 00:00:00-05:00,234.30878315837532,240.54744460053885,233.95996981993864,238.2552947998047,46273600,0.0,0.0,237.91226301396773,237.12548769001145,40.09314955770418
2025-03-10 00:00:00-04:00,234.73730306532093,235.35520052510583,223.45588808739058,226.70477294921875,72071200,0.0,0.0,236.84488300780117,236.71683220998037,28.422635656864713
2025-03-11 00:00:00-04:00,223.04728218644934,225.0703629938446,216.7089556312574,220.08740234375,76137400,0.0,0.0,235.2489324683677,236.0646977054223,23.657101538112414
2025-03-12 00:00:00-04:00,219.38980505207962,220.99431909322652,214.17763213362198,216.24057006835938,62547500,0.0,0.0,233.43861223979548,235.2872809353414,20.263881423481294
2025-03-13 00:00:00-04:00,215.2140760046737,216.1010424274323,207.7097381833997,208.96543884277344,61368300,0.0,0.0,231.10783382103145,234.2550518336721,17.702153378186296
2025-03-14 00:00:00-04:00,210.53007941159925,213.22087501834247,208.86577244295887,212.762451171875,60107600,0.0,0.0,229.3606545211118,233.41220474889576,20.920570821628445
2025-03-17 00:00:00-04:00,212.58308562424435,214.4865804284824,209.25447123387838,213.27073669433594,48073400,0.0,0.0,227.8282813947522,232.6223432565601,21.634644833825874
2025-03-18 00:00:00-04:00,213.43018643369246,214.4168029665515,210.76928711901598,211.96519470214844,42432400,0.0,0.0,226.31751123355184,231.81225899952437,23.832065432542464
2025-03-19 00:00:00-04:00,213.4899719913265,218.01449366985423,213.02157246340184,214.50650024414062,54385400,0.0,0.0,225.19265304408412,231.1336017934309,28.934318155035427
2025-03-20 00:00:00-04:00,213.2607508466693,216.74882322763474,211.4967785561088,213.37037658691406,48862900,0.0,0.0,224.06672195292506,230.4370047265087,21.670782631701243
2025-03-21 00:00:00-04:00,210.83902892918795,218.09421843072647,210.55998434888178,217.5261688232422,94127800,0.0,0.0,223.4438121310505,229.93069743618452,29.967583750772988
2025-03-24 00:00:00-04:00,220.24688262166092,220.72524263370704,217.83513125215714,219.97779846191406,44299500,0.0,0.0,223.11371559113272,229.54038767248764,34.70213456437301
2025-03-25 00:00:00-04:00,220.01766257627696,223.33631640181736,219.33001153042758,222.9875030517578,34493600,0.0,0.0,223.1016953492875,229.28341180500803,38.58315264995166
2025-03-26 00:00:00-04:00,222.7483031053444,224.25316696482244,219.71866969932233,220.77505493164062,34466100,0.0,0.0,222.88011054760682,228.9497507511505,37.29751121050321
2025-03-27 00:00:00-04:00,220.63553483035878,224.22327264250706,219.80836152348044,223.087158203125,37094800,0.0,0.0,222.89982937194188,228.71984516103186,35.6143841831293
2025-03-28 00:00:00-04:00,220.91456609374504,223.04727255158852,216.93815819229235,217.15740966796875,39818600,0.0,0.0,222.35293225727776,228.26641631816665,39.86458598585795
2025-03-31 00:00:00-04:00,216.27045427307317,224.8511131847691,215.49311362240712,221.37301635742188,65299300,0.0,0.0,222.25960693348193,227.9960869079414,51.43813496831986
2025-04-01 00:00:00-04:00,219.06091135294477,222.91771798921508,218.15400887457568,222.4293975830078,36412700,0.0,0.0,222.27577747153202,227.77778536578714,57.38403476544792
2025-04-02 00:00:00-04:00,220.56578026164416,224.4225869866718,220.2667995775576,223.12701416015625,35905900,0.0,0.0,222.35684763235338,227.5954021812526,70.04225295539621
2025-04-03 00:00:00-04:00,204.83954098981803,206.78290782089874,200.56416741637668,202.49755859375,103419000,0.0,0.0,220.46548677153402,226.61117302095838,40.1605161604366
2025-04-04 00:00:00-04:00,193.2292544699453,199.19884701911502,186.70157274086588,187.738037109375,125910900,0.0,0.0,217.34858680370937,225.08673631854336,30.77732702177927
2025-04-07 00:00:00-04:00,176.59612158290105,193.48835506739644,174.02491207450518,180.84161376953125,160466300,0.0,0.0,213.87173222902575,223.35163347348407,28.3875609391705
2025-04-08 00:00:00-04:00,186.0637635998773,189.69135865616965,168.63337548243626,171.83242797851562,120859500,0.0,0.0,209.8679889670724,221.3312724736814,22.809273840089418
2025-04-09 00:00:00-04:00,171.3640110222038,199.926344669284,171.30421792842867,198.17234802246094,184395900,0.0,0.0,208.75411840091894,220.42307935794727,42.6703883152206
2025-04-10 00:00:00-04:00,188.42566697985896,194.1161990933285,182.37634591183127,189.77105712890625,121880000,0.0,0.0,206.9462078035844,219.2210392705339,37.141009397666785
2025-04-11 00:00:00-04:00,185.46580802047046,198.85999394662434,185.42593581806156,197.4747314453125,87435900,0.0,0.0,206.04416243612994,218.36824288523113,40.05811853479164
2025-04-14 00:00:00-04:00,210.71943358737073,212.21432171985006,200.4744681359889,201.829833984375,101352900,0.0,0.0,205.64279782167708,217.7196778302956,40.76233400749865
2025-04-15 00:00:00-04:00,201.1720967653651,202.81646776904176,199.11911932089467,201.45114135742188,51343900,0.0,0.0,205.24359244412895,217.08169600782998,41.4256728521663
2025-04-16 00:00:00-04:00,197.68401406478426,200.01603598224625,191.71442177543545,193.6079559326172,59732400,0.0,0.0,204.13543658588972,216.16115718135103,37.53161548190869
2025-04-17 00:00:00-04:00,196.5279673080365,198.15241736523095,193.75744237056688,196.3087158203125,52164700,0.0,0.0,203.3900346082157,215.38263006915344,40.934311210948955
2025-04-21 00:00:00-04:00,192.61134997705832,193.13954254760668,189.16313478921086,192.50172424316406,46742500,0.0,0.0,202.35305266868698,214.48533964460484,37.4010536959863
2025-04-22 00:00:00-04:00,195.45165216386687,200.9030125684292,195.3021694205859,199.059326171875,52976400,0.0,0.0,202.03936443089538,213.88039793979192,40.26891076653292
2025-04-23 00:00:00-04:00,205.29797863560773,207.29116289420588,202.10888686320854,203.9027557373047,52929200,0.0,0.0,202.21683026960102,213.48911785341988,42.26233767031374
2025-04-24 00:00:00-04:00,204.1917605029567,208.11833592046503,202.248408894664,207.65989685058594,47311000,0.0,0.0,202.73521756302816,213.26052095134798,52.404377184729796
2025-04-25 00:00:00-04:00,205.66670113907415,209.03518721035243,205.49728231156092,208.56678771972656,38222300,0.0,0.0,203.29060519699942,213.0764529814805,61.13833477353008
2025-04-28 00:00:00-04:00,209.28436685718972,210.77925519188395,206.75302930142868,209.42388916015625,38743100,0.0,0.0,203.87472747920484,212.9332151845658,66.3400177464766
2025-04-29 00:00:00-04:00,207.978817902887,211.51672307140856,207.6599011161091,210.490234375,36827600,0.0,0.0,204.50477575499485,212.83741201556322,74.30754322337997
2025-04-30 00:00:00-04:00,208.58674127234366,212.8521544830753,205.96569903614,211.7758331298828,52286500,0.0,0.0,205.1972574097461,212.79578147102674,62.48855530714361
2025-05-01 00:00:00-04:00,208.3674918385056,213.82881264887993,208.18809734114114,212.59304809570312,57365700,0.0,0.0,205.9016184274563,212.7878311425827,74.3410007453675
2025-05-02 00:00:00-04:00,205.38767599056177,206.28461806468735,201.4710760745947,204.65020751953125,101010600,0.0,0.0,205.78243643622534,212.46870864756107,57.6142233897585
2025-05-05 00:00:00-04:00,202.40787903175757,203.4044712176219,197.5345438511527,198.21221923828125,69018500,0.0,0.0,205.06146336975448,211.9096306315109,46.32369542079238
2025-05-06 00:00:00-04:00,197.53454585917262,199.96621804369693,196.34859871285207,197.83351135253906,51216500,0.0,0.0,204.37308698716254,211.35762595390418,46.3236810545795
2025-05-07 00:00:00-04:00,198.49125449640593,198.7603386318323,192.59143085844198,195.58120727539062,68536700,0.0,0.0,203.53576510985093,210.7389428684723,52.262336494540925
2025-05-08 00:00:00-04:00,197.04619801698016,199.3682595147921,194.0165494128041,196.81698608398438,50478900,0.0,0.0,202.89588139310175,210.19298377888455,50.6029884767834
2025-05-09 00:00:00-04:00,198.32183886048443,199.85658408831688,196.86680762308345,197.8534393310547,36453900,0.0,0.0,202.41564881576392,209.7090800750481,56.79576021136939
2025-05-12 00:00:00-04:00,210.52675192915717,210.82612467262763,206.31561695740214,210.3471221923828,63775800,0.26,0.0,203.17102723258475,209.7341013345514,62.455780083939125
2025-05-13 00:00:00-04:00,209.98788789546765,212.95164926547025,208.56089957562318,212.48263549804688,51909300,0.0,0.0,204.05784706739067,209.84188698802183,60.069439594393685
2025-05-14 00:00:00-04:00,211.98369190366654,213.49052924285678,210.1375877621875,211.8839111328125,49325800,0.0,0.0,204.80318650219274,209.92196636624894,55.3542892532795
2025-05-15 00:00:00-04:00,210.506803034962,212.51258988469863,209.0997617101353,211.00575256347656,45029500,0.0,0.0,205.39390707945788,209.96446778574807,53.093844287343494
2025-05-16 00:00:00-04:00,211.9138418912236,212.12340739052024,209.3292870180407,210.81614685058594,54737900,0.0,0.0,205.91031086718436,209.9978669647613,51.7965117629848
2025-05-19 00:00:00-04:00,207.47318710280226,209.0398806327114,203.83084657536088,208.3413543701172,46140500,0.0,0.0,206.14183881984465,209.93290568653995,47.32442596246685
2025-05-20 00:00:00-04:00,207.23369558110693,208.03201787298204,204.5992426766309,206.42539978027344,42496600,0.0,0.0,206.16884462559977,209.79535643531383,43.441122247727705
2025-05-21 00:00:00-04:00,204.7389515122616,206.6050179110669,200.2883301620853,201.66542053222656,59211800,0.0,0.0,205.73994709289758,209.4765354195065,37.78503317633518
2025-05-22 00:00:00-04:00,200.28832240028711,202.32402973584547,199.28043462788855,200.93695068359375,46742400,0.0,0.0,205.28251886344006,209.14164974358835,45.05111735842672
2025-05-23 00:00:00-04:00,193.2630967266574,197.28462846236872,193.05354646446796,194.8597412109375,78432900,0.0,0.0,204.28987337272554,208.58157489917068,45.48856432740373
2025-05-27 00:00:00-04:00,197.88337691051132,200.31825293342968,197.01519441683536,199.78936767578125,56288500,0.0,0.0,203.86125378254036,208.23678245903776,52.34479985628888
2025-05-28 00:00:00-04:00,200.16857290124128,202.3040763244224,199.48002009942556,199.99893188476562,45339700,0.0,0.0,203.49341360179992,207.91372949534082,55.569003165360456
2025-05-29 00:00:00-04:00,203.15228556391767,203.38179807643976,198.09293019267844,199.5299072265625,51396800,0.0,0.0,203.11593680415825,207.58495215146718,53.487335718976375
2025-05-30 00:00:00-04:00,198.95112277889336,201.53569281345096,196.36656797106642,200.4280242919922,70819900,0.0,0.0,202.8599451363329,207.30428831384071,53.321323175091095
2025-06-02 00:00:00-04:00,199.85921507319503,201.70533435611304,199.69954757512772,201.27622985839844,35423300,0.0,0.0,202.70911510986295,207.0678938646077,33.27202716681093
2025-06-03 00:00:00-04:00,200.92697696252267,203.34189080211323,200.53779694760377,202.8429412841797,46381600,0.0,0.0,202.72186045979788,206.90220944968897,31.842145048537105
2025-06-04 00:00:00-04:00,202.4836823743862,205.80668775064265,201.67538665008354,202.3938751220703,43604000,0.0,0.0,202.69062376096667,206.72541202507648,32.0226917849518
2025-06-05 00:00:00-04:00,203.07244608657666,204.3198198340372,199.72947835269025,200.20848083496094,55126100,0.0,0.0,202.45422919658517,206.46984609605235,30.51155079153493
2025-06-06 00:00:00-04:00,202.57349663849442,205.26782088834017,201.62549563553227,203.49156188964844,46607700,0.0,0.0,202.55302278640073,206.35305063697768,38.10758529655722
2025-06-09 00:00:00-04:00,203.96057412654167,205.56719211084615,199.59976040917107,201.02674865722656,72862600,0.0,0.0,202.40766334552703,206.14417604953647,38.11993814249036
2025-06-10 00:00:00-04:00,200.17855851367187,203.92068000712237,200.14862275986277,202.24420166015625,54672600,0.0,0.0,202.3920955659679,205.9912358774039,43.051421494368235
2025-06-11 00:00:00-04:00,203.0724503091444,204.07034932786254,197.99314795828434,198.36236572265625,60989900,0.0,0.0,202.0083117713668,205.69206449878635,44.345744177894524
2025-06-12 00:00:00-04:00,198.66173587371065,199.26046614106752,196.94534836583952,198.78147888183594,43904600,0.0,0.0,201.70099435331625,205.4210611412589,46.270708824307434
2025-06-13 00:00:00-04:00,199.3103695725812,199.9490243445518,195.2888376882346,196.03726196289062,51447300,0.0,0.0,201.16159126851383,205.053069016617,52.30288366274586
2025-06-16 00:00:00-04:00,196.8854859861783,198.27256505925683,196.1470352061455,198.0031280517578,43020700,0.0,0.0,200.8607852478704,204.7766007434853,46.04857301986464
2025-06-17 00:00:00-04:00,196.78567812068002,197.97318035709665,194.79986887227625,195.2289581298828,38856200,0.0,0.0,200.32442076044302,204.40218338608912,40.523382255665716
2025-06-18 00:00:00-04:00,195.52833742048526,197.15491770400297,194.66017014117494,196.1669921875,45394700,0.0,0.0,199.92847518206747,204.07923471163465,43.44105004148597
2025-06-20 00:00:00-04:00,197.82351706190548,201.27623931614946,196.44641147314488,200.5777130126953,96813500,0.0,0.0,199.99030735641298,203.94192013520566,50.2567675659377
2025-06-23 00:00:00-04:00,201.20637663769034,201.87496712850407,198.54198818263384,201.07664489746094,55814300,0.0,0.0,200.09376807460802,203.82955640039216,49.653491208531534
2025-06-24 00:00:00-04:00,202.16436301176623,203.0125832870988,199.77938491343542,199.87918090820312,54064000,0.0,0.0,200.07333120161707,203.674639714424,44.78764748156263
2025-06-25 00:00:00-04:00,201.02675088646447,203.24208788881052,200.19849288768373,201.1365203857422,39525700,0.0,0.0,200.1745873143909,203.57510562310316,47.84982543302525
2025-06-26 00:00:00-04:00,201.00680230384165,202.2142668779585,199.04095514509618,200.5777130126953,50799100,0.0,0.0,200.21298023803894,203.4575608148519,50.668611880170424
2025-06-27 00:00:00-04:00,201.46584280819525,202.79305039965564,199.57981417332658,200.6575469970703,73188600,0.0,0.0,200.25531992937525,203.34775635140946,44.19463855037565
2025-06-30 00:00:00-04:00,201.58557286233471,206.95427439094752,198.84135059390303,204.7389373779297,91912800,0.0,0.0,200.68233111495186,203.40231247009652,57.131918296702715
2025-07-01 00:00:00-04:00,206.23578409144605,209.74839282792448,205.70689884063935,207.3833770751953,78788900,0.0,0.0,201.32052596830837,203.55843265068862,59.36023745139945
2025-07-02 00:00:00-04:00,208.47108532398713,212.8917706186518,207.7026988246806,211.99366760253906,67941800,0.0,0.0,202.33701564775893,203.88922617821217,74.18559760023174
2025-07-03 00:00:00-04:00,211.70426588787655,214.1990133776075,211.3649838836884,213.10133361816406,34955800,0.0,0.0,203.3621887877975,204.2504852935044,74.80129177523956
2025-07-07 00:00:00-04:00,212.23315593085263,215.77570049162512,208.36131809352125,209.50889587402344,50229000,0.0,0.0,203.94758946267615,204.45669747313258,72.66624528448176
2025-07-08 00:00:00-04:00,209.658593847986,210.98578616820197,208.01205130024096,209.5687713623047,42848900,0.0,0.0,204.48294011978362,204.65717095898248,70.7929891015709
2025-07-09 00:00:00-04:00,209.0897778625777,210.8859991217609,206.78463359109693,210.69639587402344,48749400,0.0,0.0,205.0746978106636,204.89400330859192,79.55765888706159
2025-07-10 00:00:00-04:00,210.06772774811225,213.03148920420767,209.58874045798783,211.9637451171875,44443600,0.0,0.0,205.73079755414204,205.17124808539958,79.81175150692096
2025-07-11 00:00:00-04:00,210.12759762046792,211.68431760849728,209.41908263784933,210.7163543701172,39765800,0.0,0.0,206.2056124889968,205.38870323381988,71.72798085035416
2025-07-14 00:00:00-04:00,209.48893166698292,210.46688365912564,207.10395364435493,208.1816864013672,38840100,0.0,0.0,206.39381000446062,205.49823198548842,64.00473044181268
2025-07-15 00:00:00-04:00,208.7804390594974,211.44482767792792,208.48106630115817,208.67066955566406,42296300,0.0,0.0,206.61065377124189,205.6226413019659,67.8267789526316
2025-07-16 00:00:00-04:00,209.85816533566302,211.9537441254909,208.20164932080104,209.7184600830078,47490500,0.0,0.0,206.9066353247434,205.78326164632048,67.55102168187435
2025-07-17 00:00:00-04:00,210.12759810142074,211.3550095983717,209.14964612579556,209.57875061035156,48068100,0.0,0.0,207.1611224948013,205.9321043507923,68.72917981653474
2025-07-18 00:00:00-04:00,210.42696659875526,211.34503189230253,209.25942654413325,210.73631286621094,48974600,0.0,0.0,207.50161681588793,206.1205046847303,70.0714830949348
2025-07-21 00:00:00-04:00,211.65439331220318,215.32665448510335,211.18537954340883,212.03358459472656,51377400,0.0,0.0,207.93323279482493,206.35239017139682,66.33881626615556
2025-07-22 00:00:00-04:00,212.69219192810166,214.49838667908332,211.78410018506472,213.9495391845703,46404100,0.0,0.0,208.50621435575306,206.65031758367815,65.20326846247444
2025-07-23 00:00:00-04:00,214.54829351654996,214.69797228179937,211.9637386583707,213.7000732421875,46989300,0.0,0.0,209.00086758303252,206.9267785898942,54.950767244745364
2025-07-24 00:00:00-04:00,213.45060308663847,215.23685093304425,213.08138530657155,213.31089782714844,46022600,0.0,0.0,209.4113466539007,207.17713620704146,50.634456328117494
2025-07-25 00:00:00-04:00,214.24891808809048,214.7877920897316,212.95164630742312,213.43064880371094,40268800,0.0,0.0,209.794137334835,207.42237199514614,65.03443079795684
2025-07-28 00:00:00-04:00,213.5803337758995,214.39861831079742,212.61237047326716,213.6002960205078,37858000,0.0,0.0,210.15662863823243,207.66464352555246,65.32625946688447
2025-07-29 00:00:00-04:00,213.73000061776605,214.3586818606333,210.37707459375494,210.8261260986328,51411700,0.0,0.0,210.2203903011277,207.7886232343007,50.438310684016244
2025-07-30 00:00:00-04:00,211.454797150492,211.94377315400357,207.28358653790625,208.6107940673828,45512500,0.0,0.0,210.06709542172345,207.8208652277549,39.35359650848314
2025-07-31 00:00:00-04:00,208.0519764228089,209.39913099136336,206.72476887181696,207.1339111328125,80698400,0.0,0.0,209.78774453706527,207.79392585148267,38.78830249840739
2025-08-01 00:00:00-04:00,210.4269561886582,213.13126916468397,201.07664747870345,201.95480346679688,104434500,0.0,0.0,209.04175014942066,207.56494065992635,33.27976871886608
2025-08-04 00:00:00-04:00,204.0803265791815,207.44325668811337,201.25627047720934,202.9227752685547,75109300,0.0,0.0,208.45899063695725,207.38289495830395,34.952992832285716
2025-08-05 00:00:00-04:00,202.97265486934364,204.90858140720596,201.73526982787092,202.49366760253906,44155100,0.0,0.0,207.8908646336793,207.19116055219553,30.453574949346844
2025-08-06 00:00:00-04:00,205.1979708684584,214.9274858636443,205.15804638253505,212.8019561767578,108483100,0.0,0.0,208.35858763778202,207.41119175315876,55.62520172178532
2025-08-07 00:00:00-04:00,218.42014073215765,220.38600300495352,216.12496995802366,219.56771850585938,90224800,0.0,0.0,209.42612391093223,207.88791829248038,62.88959412059462
2025-08-08 00:00:00-04:00,220.36603010589778,230.51466074526758,218.78934791515115,228.86813354492188,113854000,0.0,0.0,211.2777438760741,208.71067183179184,69.91734242146663
2025-08-11 00:00:00-04:00,227.6992650180531,229.33767612130436,224.54232171734583,226.95997619628906,61806100,0.26,0.0,212.77128981133268,209.426330826478,65.39578810216142
2025-08-12 00:00:00-04:00,227.78917070894937,230.57647717809445,226.8500938879156,229.42758178710938,55626200,0.0,0.0,214.35760333283523,210.21069360924784,67.68273267647426
2025-08-13 00:00:00-04:00,230.8462285986664,234.77241529044048,230.2068337695816,233.10403442382812,69878500,0.0,0.0,216.1429777224536,211.10847168040786,70.72204289514941
2025-08-14 00:00:00-04:00,233.83332460758467,234.89229562265464,230.6264418350812,232.5545654296875,51916300,0.0,0.0,217.70598607552347,211.94949496469334,69.8428757029999
2025-08-15 00:00:00-04:00,233.77337703316005,234.0531046408583,229.11788646444978,231.36570739746094,56038700,0.0,0.0,219.00691191570797,212.710915060096,68.05149854195582
2025-08-18 00:00:00-04:00,231.47561022214762,232.89423321308522,229.88715369469057,230.66639709472656,37476200,0.0,0.0,220.11733907561452,213.41505161047368,71.04723703336796
2025-08-19 00:00:00-04:00,231.05601964615855,232.64447617946885,229.1278960385577,230.3367156982422,39402600,0.0,0.0,221.0906130396743,214.07864628058226,74.00809763019878
2025-08-20 00:00:00-04:00,229.75726351111018,230.24679444121838,225.55134937034353,225.79110717773438,42263900,0.0,0.0,221.53827914806098,214.53795847262745,69.30755325250188
2025-08-21 00:00:00-04:00,226.05087353353895,226.30063142153253,223.56327948127884,224.68218994140625,30621200,0.0,0.0,221.83769922361768,214.9357714714031,75.68321332009049
2025-08-22 00:00:00-04:00,225.95095699429655,228.8681272027074,225.1916985271248,227.53941345214844,42477800,0.0,0.0,222.3807196263349,215.43003194123625,76.6790011820761
2025-08-25 00:00:00-04:00,226.26065308481304,229.07792927219558,226.01089520624416,226.94000244140625,30983100,0.0,0.0,222.81493703729407,215.8814033333998,76.39698746645006
2025-08-26 00:00:00-04:00,226.65028173376106,229.26775474756235,224.4724002828088,229.08792114257812,54575100,0.0,0.0,223.4123640949402,216.39930599258327,71.3475610804938
2025-08-27 00:00:00-04:00,228.38860049855515,230.676376013076,228.03893336267103,230.26678466796875,31259500,0.0,0.0,224.06516605427626,216.94312868573564,66.43083374810307
2025-08-28 00:00:00-04:00,230.59647266873003,233.18396075811214,229.11789497993007,232.33477783203125,38074700,0.0,0.0,224.85274812834814,217.5467227699041,56.84418550005121
2025-08-29 00:00:00-04:00,232.28481317583598,233.15398096397084,231.145917853049,231.91517639160156,39418400,0.0,0.0,225.5253603438961,218.11019153938244,60.39396329222828
2025-09-02 00:00:00-04:00,229.02798202980685,230.62643860177437,226.75019132336067,229.49752807617188,44075600,0.0,0.0,225.90366203268425,218.55675375651145,50.14702656100255
2025-09-03 00:00:00-04:00,236.98028515930878,238.6186963224971,234.133039090421,238.2390594482422,66427800,0.0,0.0,227.0784617865469,219.32860888167735,58.8988955743114
2025-09-04 00:00:00-04:00,238.21906152531412,239.66765417218173,236.51072617258424,239.5477752685547,47549400,0.0,0.0,228.26601545150004,220.12151736743726,61.80835358045558
2025-09-05 00:00:00-04:00,239.76756781945676,241.08629675958926,238.25903569310344,239.45787048339844,54870400,0.0,0.0,229.33190640691893,220.87980572492594,64.19063847276868
2025-09-08 00:00:00-04:00,239.06825064349684,239.91741830634814,236.11111057683257,237.64962768554688,48999500,0.0,0.0,230.12407033821682,221.53744580181305,61.78753066952941
2025-09-09 00:00:00-04:00,236.77047435136637,238.5487492683241,233.13400016518182,234.123046875,66313900,0.0,0.0,230.5049252464819,222.0309987850753,55.7686522646995
2025-09-10 00:00:00-04:00,231.96513778704139,232.19491077497392,225.73117543382176,226.5703582763672,83440800,0.0,0.0,230.13020458266143,222.20901288277304,51.087572721003916
2025-09-11 00:00:00-04:00,226.66027725307507,230.22681187017153,226.43048902665416,229.80722045898438,50208600,0.0,0.0,230.0994441899303,222.50698180733033,56.75177903751055
2025-09-12 00:00:00-04:00,228.9980136278554,234.28288383192944,228.79821036620638,233.84332275390625,55824200,0.0,0.0,230.45600405316608,222.95154419739214,58.05465969002858
2025-09-15 00:00:00-04:00,236.77047667310174,237.95932665324483,234.80238330570734,236.47076416015625,42699500,0.0,0.0,231.0288383490699,223.48170968612797,61.57767209842712
2025-09-16 00:00:00-04:00,236.9502954777413,240.98639147239973,236.09114297984144,237.9193572998047,63421100,0.0,0.0,231.68507824913988,224.04789194548783,60.91357904569894
2025-09-17 00:00:00-04:00,238.73857528095925,239.86748583209587,237.4997706474641,238.75856018066406,46508000,0.0,0.0,232.35874319499933,224.62478089588691,60.582677949947836
2025-09-18 00:00:00-04:00,239.737599946219,240.9664044724694,236.4208079152849,237.64962768554688,44249600,0.0,0.0,232.86263695600385,225.1355592013638,56.785714842331494
2025-09-19 00:00:00-04:00,240.99636870073516,246.06146581163878,239.9773675285625,245.26223754882812,163741300,0.0,0.0,234.0435512981776,225.92484070518594,64.39655356863648
2025-09-22 00:00:00-04:00,248.05953649140056,256.3914711896616,247.8797028858207,255.8319854736328,105517400,0.0,0.0,236.11864026726857,227.09766991179168,74.15688062838922
2025-09-23 00:00:00-04:00,255.63220171436936,257.0907792625319,253.33442606621003,254.18359375,60275200,0.0,0.0,237.8391120275287,228.15986300348615,66.81415687126386
2025-09-24 00:00:00-04:00,254.9728287261993,255.4923293909784,250.79686899703333,252.06564331054688,42303700,0.0,0.0,239.19401976876853,229.09734458415522,62.97907927548738
2025-09-25 00:00:00-04:00,252.96477212582877,256.9209435623003,251.466224879955,256.6212158203125,55202100,0.0,0.0,240.85375272605845,230.1767120836124,66.28743352559977
2025-09-26 00:00:00-04:00,253.8539172209246,257.3505275669758,253.5342198150173,255.2126007080078,46076300,0.0,0.0,242.22126205767267,231.15851163751026,66.79404382649743
2025-09-29 00:00:00-04:00,254.31347273152574,254.75304905914027,252.76497075706976,254.18359375,40127700,0.0,0.0,243.3605317426562,232.0614560340785,70.14446163982655
2025-09-30 00:00:00-04:00,254.61318058017173,255.67215158054225,252.8648753735947,254.38340759277344,37704300,0.0,0.0,244.41032944266738,232.9368266834391,82.7683879893804
2025-10-01 00:00:00-04:00,254.7929996074261,258.53938316103813,254.6831055272507,255.20260620117188,48713900,0.0,0.0,245.4381653244297,233.80999450766393,81.72743313705665
2025-10-02 00:00:00-04:00,256.33149581258533,257.9299523535748,253.9038565188199,256.8809814453125,42630200,0.0,0.0,246.52795733594232,234.71473909345406,80.58357290326344
2025-10-03 00:00:00-04:00,254.42336451804394,258.9889308017334,253.70406057825727,257.7701110839844,49155600,0.0,0.0,247.59863864527966,235.6188713283768,79.64406916441202
2025-10-06 00:00:00-04:00,257.7401350456914,258.819106172963,254.80299514816292,256.44140625,44664100,0.0,0.0,248.44080698858636,236.4354413253032,75.86498890064618
2025-10-07 00:00:00-04:00,256.56129542181253,257.15072039039774,255.18262697514498,256.23162841796875,31955800,0.0,0.0,249.18278998186088,237.2117623877607,74.83675540053
2025-10-08 00:00:00-04:00,256.2715719294531,258.2696351050741,255.8619653198879,257.8100891113281,36496900,0.0,0.0,250.00443751800063,238.01953990633197,78.27922642199195
2025-10-09 00:00:00-04:00,257.5603136690899,257.75013209688524,252.8948383011137,253.79396057128906,38322000,0.0,0.0,250.36534447545665,238.6381446382911,63.31048798893521
2025-10-10 00:00:00-04:00,254.69310389004832,256.13171175032437,243.76369637579657,245.032470703125,61999100,0.0,0.0,249.8574517352346,238.88890252318654,32.144023081475936
2025-10-13 00:00:00-04:00,249.13848619669534,249.44818352992385,245.32217845998096,247.42015075683594,38142900,0.0,0.0,249.62532783252996,239.2234612774473,39.084144749123155
2025-10-14 00:00:00-04:00,246.36117950382103,248.60900042906025,244.46301046499008,247.53004455566406,35478000,0.0,0.0,249.42577704425702,239.54920964129894,42.172403314058734
2025-10-15 00:00:00-04:00,249.24838988167792,251.5761352503302,247.2303418581919,249.09852600097656,33893600,0.0,0.0,249.39461027823032,239.9236926357961,35.5248021506374
2025-10-16 00:00:00-04:00,248.00958596667436,248.79881419551728,244.8926123625184,247.21035766601562,39777000,0.0,0.0,249.18658621992418,240.20944420560863,34.88106598092098
2025-10-17 00:00:00-04:00,247.77980070207627,253.13461023404025,247.03052706557392,252.045654296875,49147000,0.0,0.0,249.458878417729,240.67360930722694,46.46862054607942
2025-10-20 00:00:00-04:00,255.64218177653177,264.1239650925819,255.3824390623343,261.98602294921875,90483000,0.0,0.0,250.6519398016804,241.50939023436388,59.50061990617698
2025-10-21 00:00:00-04:00,261.6263807259345,265.03308188579996,261.5764108568555,262.5155029296875,46695900,0.0,0.0,251.7818029567287,242.33315935967067,59.205227137228874
2025-10-22 00:00:00-04:00,262.3956210979312,262.5954395959732,255.18261234613632,258.19970703125,45015300,0.0,0.0,252.39303191620692,242.9553769154189,51.5566114199054
2025-10-23 00:00:00-04:00,259.68824995662277,260.36758405794774,257.76012648314656,259.3285827636719,32754900,0.0,0.0,253.05356056834646,243.59746341927195,51.82925213003207
2025-10-24 00:00:00-04:00,260.93706434715574,263.87421967110856,258.9290010880386,262.56549072265625,38253700,0.0,0.0,253.95945867828073,244.3413076272478,56.87994163462811
2025-10-27 00:00:00-04:00,264.6234656652487,268.8593494221352,264.3936774471076,268.5496520996094,44888200,0.0,0.0,255.34900090888345,245.2906544693012,62.24913723724125
2025-10-28 00:00:00-04:00,268.7294713644567,269.6286240979669,267.8902885694659,268.7394714355469,41534800,0.0,0.0,256.62428381618474,246.21021591895789,61.17694092356897
2025-10-29 00:00:00-04:00,269.01920560410514,271.1471476128123,266.85129379808274,269.4388122558594,51086700,0.0,0.0,257.8447150961538,247.12114126550304,67.16356646945799
2025-10-30 00:00:00-04:00,271.72657092903916,273.87451306817263,268.2199910571769,271.13714599609375,69886500,0.0,0.0,259.1106608961481,248.06294537258503,83.89108076904486
2025-10-31 00:00:00-04:00,276.721738255342,277.05143573891627,268.89933466249033,270.108154296875,86167100,0.0,0.0,260.15804122002686,248.92746336961602,80.53245303026507
2025-11-03 00:00:00-05:00,270.15812755648943,270.5877038096653,265.9921525413924,268.7894287109375,50194600,0.0,0.0,260.9800781239231,249.70636397123647,77.70837037381753
2025-11-04 00:00:00-05:00,268.0701070960229,271.22705027239556,267.36080327265466,269.7784729003906,49274800,0.0,0.0,261.8180204835867,250.49350549786996,77.36651041710837
2025-11-05 00:00:00-05:00,268.3498399683747,271.43687417180433,266.67147434431234,269.8783874511719,43683100,0.0,0.0,262.58567448049956,251.25369694701905,81.48769887900323
2025-11-06 00:00:00-05:00,267.6305743388968,273.1352174017799,267.6305743388968,269.50872802734375,51204000,0.0,0.0,263.2450129135323,251.9695805187965,77.69330091486668
2025-11-07 00:00:00-05:00,269.5386899523433,272.02629915101613,266.51162568814635,268.2099914550781,48227400,0.0,0.0,263.71786801272714,252.60645937904283,63.59670234284061
2025-11-10 00:00:00-05:00,268.9599914550781,273.7300109863281,267.4599914550781,269.42999267578125,41312400,0.26,0.0,264.26187988539897,253.26620578283652,64.66281998514135
2025-11-11 00:00:00-05:00,269.80999755859375,275.9100036621094,269.79998779296875,275.25,46138500,0.0,0.0,265.30836751536094,254.12831535998018,83.98839767174755
